-- phpMyAdmin SQL Dump
-- version 4.1.14
-- http://www.phpmyadmin.net
--
-- Host: 127.0.0.1
-- Generation Time: Dec 17, 2015 at 06:54 AM
-- Server version: 5.6.17
-- PHP Version: 5.5.12

SET SQL_MODE = "NO_AUTO_VALUE_ON_ZERO";
SET time_zone = "+00:00";


/*!40101 SET @OLD_CHARACTER_SET_CLIENT=@@CHARACTER_SET_CLIENT */;
/*!40101 SET @OLD_CHARACTER_SET_RESULTS=@@CHARACTER_SET_RESULTS */;
/*!40101 SET @OLD_COLLATION_CONNECTION=@@COLLATION_CONNECTION */;
/*!40101 SET NAMES utf8 */;

--
-- Database: `ckpheartdb`
--

-- --------------------------------------------------------

--
-- Table structure for table `ckp`
--

CREATE TABLE IF NOT EXISTS `ckp` (
  `id` int(11) NOT NULL AUTO_INCREMENT,
  `target` int(11) NOT NULL,
  `realisasi` int(11) NOT NULL,
  `persen` int(11) NOT NULL,
  `kualitas` int(11) NOT NULL,
  `keterangan` varchar(100) NOT NULL,
  `id_kegiatan` int(11) NOT NULL,
  `id_pegawai` varchar(18) NOT NULL,
  `id_konfirmasickp` varchar(100) NOT NULL,
  `mulai_kegiatan` date NOT NULL,
  `akhir_kegiatan` date NOT NULL,
  `bulan` varchar(50) NOT NULL,
  `tahun` varchar(50) NOT NULL,
  `created` datetime NOT NULL,
  `createdBy` int(11) NOT NULL,
  `modified` datetime NOT NULL,
  `modifiedBy` int(11) NOT NULL,
  `deleted` datetime NOT NULL,
  `deletedBy` int(11) NOT NULL,
  PRIMARY KEY (`id`)
) ENGINE=InnoDB  DEFAULT CHARSET=latin1 AUTO_INCREMENT=157 ;

--
-- Dumping data for table `ckp`
--

INSERT INTO `ckp` (`id`, `target`, `realisasi`, `persen`, `kualitas`, `keterangan`, `id_kegiatan`, `id_pegawai`, `id_konfirmasickp`, `mulai_kegiatan`, `akhir_kegiatan`, `bulan`, `tahun`, `created`, `createdBy`, `modified`, `modifiedBy`, `deleted`, `deletedBy`) VALUES
(13, 5, 5, 0, 0, '', 29, '198401262009111001', 'yanuar012015', '0000-00-00', '0000-00-00', 'Januari', '2015', '0000-00-00 00:00:00', 0, '2015-12-05 15:16:37', 40, '0000-00-00 00:00:00', 0),
(14, 510, 510, 0, 0, '', 30, '198401262009111001', 'yanuar012015', '0000-00-00', '0000-00-00', 'Januari', '2015', '0000-00-00 00:00:00', 0, '0000-00-00 00:00:00', 0, '0000-00-00 00:00:00', 0),
(15, 4, 4, 0, 0, '', 43, '198401262009111001', 'yanuar012015', '0000-00-00', '0000-00-00', 'Januari', '2015', '0000-00-00 00:00:00', 0, '0000-00-00 00:00:00', 0, '0000-00-00 00:00:00', 0),
(16, 6, 6, 0, 0, '', 23, '198401262009111001', 'yanuar012015', '0000-00-00', '0000-00-00', 'Januari', '2015', '0000-00-00 00:00:00', 0, '0000-00-00 00:00:00', 0, '0000-00-00 00:00:00', 0),
(17, 12, 12, 0, 0, '', 24, '198401262009111001', 'yanuar012015', '0000-00-00', '0000-00-00', 'Januari', '2015', '0000-00-00 00:00:00', 0, '0000-00-00 00:00:00', 0, '0000-00-00 00:00:00', 0),
(18, 3, 3, 0, 0, '', 22, '198401262009111001', 'yanuar012015', '0000-00-00', '0000-00-00', 'Januari', '2015', '0000-00-00 00:00:00', 0, '0000-00-00 00:00:00', 0, '0000-00-00 00:00:00', 0),
(19, 2, 2, 0, 0, '', 75, '198401262009111001', 'yanuar012015', '0000-00-00', '0000-00-00', 'Januari', '2015', '0000-00-00 00:00:00', 0, '0000-00-00 00:00:00', 0, '0000-00-00 00:00:00', 0),
(20, 1, 1, 0, 0, '', 74, '198401262009111001', 'yanuar012015', '0000-00-00', '0000-00-00', 'Januari', '2015', '0000-00-00 00:00:00', 0, '0000-00-00 00:00:00', 0, '0000-00-00 00:00:00', 0),
(21, 4, 4, 0, 0, '', 4, '198401262009111001', 'yanuar012015', '0000-00-00', '0000-00-00', 'Januari', '2015', '0000-00-00 00:00:00', 0, '0000-00-00 00:00:00', 0, '0000-00-00 00:00:00', 0),
(22, 4, 4, 0, 0, '', 28, '198401262009111001', 'yanuar012015', '0000-00-00', '0000-00-00', 'Januari', '2015', '0000-00-00 00:00:00', 0, '0000-00-00 00:00:00', 0, '0000-00-00 00:00:00', 0),
(23, 1, 1, 0, 0, '', 5, '198401262009111001', 'yanuar012015', '0000-00-00', '0000-00-00', 'Januari', '2015', '0000-00-00 00:00:00', 0, '0000-00-00 00:00:00', 0, '0000-00-00 00:00:00', 0),
(24, 5, 5, 0, 0, '', 37, '198401262009111001', 'yanuar012015', '0000-00-00', '0000-00-00', 'Januari', '2015', '0000-00-00 00:00:00', 0, '0000-00-00 00:00:00', 0, '0000-00-00 00:00:00', 0),
(25, 10, 10, 0, 0, '', 7, '198401262009111001', 'yanuar022015', '0000-00-00', '0000-00-00', 'Februari', '2015', '0000-00-00 00:00:00', 0, '0000-00-00 00:00:00', 0, '0000-00-00 00:00:00', 0),
(26, 20, 20, 0, 0, '', 37, '198401262009111001', 'yanuar022015', '0000-00-00', '0000-00-00', 'Februari', '2015', '0000-00-00 00:00:00', 0, '0000-00-00 00:00:00', 0, '0000-00-00 00:00:00', 0),
(27, 4, 4, 0, 0, '', 44, '198401262009111001', 'yanuar022015', '0000-00-00', '0000-00-00', 'Februari', '2015', '0000-00-00 00:00:00', 0, '0000-00-00 00:00:00', 0, '0000-00-00 00:00:00', 0),
(28, 675, 675, 0, 0, '', 45, '198401262009111001', 'yanuar022015', '0000-00-00', '0000-00-00', 'Februari', '2015', '0000-00-00 00:00:00', 0, '0000-00-00 00:00:00', 0, '0000-00-00 00:00:00', 0),
(29, 4, 4, 0, 0, '', 12, '198401262009111001', 'yanuar022015', '0000-00-00', '0000-00-00', 'Februari', '2015', '0000-00-00 00:00:00', 0, '0000-00-00 00:00:00', 0, '0000-00-00 00:00:00', 0),
(37, 5, 5, 0, 0, '', 43, '198401262009111001', 'yanuar022015', '0000-00-00', '0000-00-00', 'Februari', '2015', '0000-00-00 00:00:00', 0, '0000-00-00 00:00:00', 0, '0000-00-00 00:00:00', 0),
(38, 2, 2, 0, 0, '', 18, '198401262009111001', 'yanuar022015', '0000-00-00', '0000-00-00', 'Februari', '2015', '0000-00-00 00:00:00', 0, '0000-00-00 00:00:00', 0, '0000-00-00 00:00:00', 0),
(39, 240, 240, 0, 0, '', 19, '198401262009111001', 'yanuar022015', '0000-00-00', '0000-00-00', 'Februari', '2015', '0000-00-00 00:00:00', 0, '0000-00-00 00:00:00', 0, '0000-00-00 00:00:00', 0),
(40, 3, 3, 0, 0, '', 22, '198401262009111001', 'yanuar022015', '0000-00-00', '0000-00-00', 'Februari', '2015', '0000-00-00 00:00:00', 0, '0000-00-00 00:00:00', 0, '0000-00-00 00:00:00', 0),
(41, 6, 6, 0, 0, '', 23, '198401262009111001', 'yanuar022015', '0000-00-00', '0000-00-00', 'Februari', '2015', '0000-00-00 00:00:00', 0, '0000-00-00 00:00:00', 0, '0000-00-00 00:00:00', 0),
(42, 12, 12, 0, 0, '', 24, '198401262009111001', 'yanuar022015', '0000-00-00', '0000-00-00', 'Februari', '2015', '0000-00-00 00:00:00', 0, '0000-00-00 00:00:00', 0, '0000-00-00 00:00:00', 0),
(43, 2, 2, 0, 0, '', 75, '198401262009111001', 'yanuar022015', '0000-00-00', '0000-00-00', 'Februari', '2015', '0000-00-00 00:00:00', 0, '0000-00-00 00:00:00', 0, '0000-00-00 00:00:00', 0),
(48, 20, 20, 0, 0, '', 15, '198401262009111001', 'yanuar032015', '0000-00-00', '0000-00-00', '', '', '0000-00-00 00:00:00', 0, '0000-00-00 00:00:00', 0, '0000-00-00 00:00:00', 0),
(49, 20, 20, 0, 0, '', 16, '198401262009111001', 'yanuar032015', '0000-00-00', '0000-00-00', '', '', '0000-00-00 00:00:00', 0, '0000-00-00 00:00:00', 0, '0000-00-00 00:00:00', 0),
(50, 10, 10, 0, 0, '', 71, '198401262009111001', 'yanuar032015', '0000-00-00', '0000-00-00', '', '', '0000-00-00 00:00:00', 0, '0000-00-00 00:00:00', 0, '0000-00-00 00:00:00', 0),
(51, 4, 4, 0, 0, '', 37, '198401262009111001', 'yanuar032015', '0000-00-00', '0000-00-00', '', '', '0000-00-00 00:00:00', 0, '0000-00-00 00:00:00', 0, '0000-00-00 00:00:00', 0),
(52, 12, 12, 0, 0, '', 24, '198401262009111001', 'yanuar032015', '0000-00-00', '0000-00-00', '', '', '0000-00-00 00:00:00', 0, '0000-00-00 00:00:00', 0, '0000-00-00 00:00:00', 0),
(53, 6, 6, 0, 0, '', 23, '198401262009111001', 'yanuar032015', '0000-00-00', '0000-00-00', '', '', '0000-00-00 00:00:00', 0, '0000-00-00 00:00:00', 0, '0000-00-00 00:00:00', 0),
(54, 3, 3, 0, 0, '', 22, '198401262009111001', 'yanuar032015', '0000-00-00', '0000-00-00', '', '', '0000-00-00 00:00:00', 0, '0000-00-00 00:00:00', 0, '0000-00-00 00:00:00', 0),
(55, 2, 2, 0, 0, '', 75, '198401262009111001', 'yanuar032015', '0000-00-00', '0000-00-00', '', '', '0000-00-00 00:00:00', 0, '0000-00-00 00:00:00', 0, '0000-00-00 00:00:00', 0),
(56, 5, 5, 0, 0, '', 43, '198401262009111001', 'yanuar032015', '0000-00-00', '0000-00-00', '', '', '0000-00-00 00:00:00', 0, '0000-00-00 00:00:00', 0, '0000-00-00 00:00:00', 0),
(57, 10, 10, 0, 0, '', 31, '198401262009111001', 'yanuar032015', '0000-00-00', '0000-00-00', '', '', '0000-00-00 00:00:00', 0, '0000-00-00 00:00:00', 0, '0000-00-00 00:00:00', 0),
(58, 1, 1, 0, 0, '', 79, '198401262009111001', 'yanuar032015', '0000-00-00', '0000-00-00', '', '', '0000-00-00 00:00:00', 0, '0000-00-00 00:00:00', 0, '0000-00-00 00:00:00', 0),
(59, 1, 1, 0, 0, '', 74, '198401262009111001', 'yanuar042015', '0000-00-00', '0000-00-00', '', '', '0000-00-00 00:00:00', 0, '0000-00-00 00:00:00', 0, '0000-00-00 00:00:00', 0),
(60, 2, 2, 0, 0, '', 27, '198401262009111001', 'yanuar042015', '0000-00-00', '0000-00-00', '', '', '0000-00-00 00:00:00', 0, '0000-00-00 00:00:00', 0, '0000-00-00 00:00:00', 0),
(61, 2, 2, 0, 0, '', 65, '198401262009111001', 'yanuar042015', '0000-00-00', '0000-00-00', '', '', '0000-00-00 00:00:00', 0, '0000-00-00 00:00:00', 0, '0000-00-00 00:00:00', 0),
(62, 3, 3, 0, 0, '', 64, '198401262009111001', 'yanuar042015', '0000-00-00', '0000-00-00', '', '', '0000-00-00 00:00:00', 0, '0000-00-00 00:00:00', 0, '0000-00-00 00:00:00', 0),
(63, 1, 1, 0, 0, '', 80, '198401262009111001', 'yanuar042015', '0000-00-00', '0000-00-00', '', '', '0000-00-00 00:00:00', 0, '0000-00-00 00:00:00', 0, '0000-00-00 00:00:00', 0),
(64, 9, 9, 0, 0, '', 46, '198401262009111001', 'yanuar042015', '0000-00-00', '0000-00-00', '', '', '0000-00-00 00:00:00', 0, '0000-00-00 00:00:00', 0, '0000-00-00 00:00:00', 0),
(65, 2, 2, 0, 0, '', 29, '198401262009111001', 'yanuar042015', '0000-00-00', '0000-00-00', '', '', '0000-00-00 00:00:00', 0, '0000-00-00 00:00:00', 0, '0000-00-00 00:00:00', 0),
(66, 181, 181, 0, 0, '', 30, '198401262009111001', 'yanuar042015', '0000-00-00', '0000-00-00', '', '', '0000-00-00 00:00:00', 0, '0000-00-00 00:00:00', 0, '0000-00-00 00:00:00', 0),
(67, 12, 12, 0, 0, '', 24, '198401262009111001', 'yanuar042015', '0000-00-00', '0000-00-00', '', '', '0000-00-00 00:00:00', 0, '0000-00-00 00:00:00', 0, '0000-00-00 00:00:00', 0),
(68, 6, 6, 0, 0, '', 23, '198401262009111001', 'yanuar042015', '0000-00-00', '0000-00-00', '', '', '0000-00-00 00:00:00', 0, '0000-00-00 00:00:00', 0, '0000-00-00 00:00:00', 0),
(69, 3, 3, 0, 0, '', 22, '198401262009111001', 'yanuar042015', '0000-00-00', '0000-00-00', '', '', '0000-00-00 00:00:00', 0, '0000-00-00 00:00:00', 0, '0000-00-00 00:00:00', 0),
(70, 2, 2, 0, 0, '', 75, '198401262009111001', 'yanuar042015', '0000-00-00', '0000-00-00', '', '', '0000-00-00 00:00:00', 0, '0000-00-00 00:00:00', 0, '0000-00-00 00:00:00', 0),
(71, 5, 5, 0, 0, '', 43, '198401262009111001', 'yanuar042015', '0000-00-00', '0000-00-00', '', '', '0000-00-00 00:00:00', 0, '0000-00-00 00:00:00', 0, '0000-00-00 00:00:00', 0),
(72, 1, 1, 0, 0, '', 82, '198401262009111001', 'yanuar042015', '0000-00-00', '0000-00-00', '', '', '0000-00-00 00:00:00', 0, '0000-00-00 00:00:00', 0, '0000-00-00 00:00:00', 0),
(73, 8, 8, 0, 0, '', 83, '198401262009111001', 'yanuar042015', '0000-00-00', '0000-00-00', '', '', '0000-00-00 00:00:00', 0, '0000-00-00 00:00:00', 0, '0000-00-00 00:00:00', 0),
(74, 4, 4, 0, 0, '', 86, '198401262009111001', 'yanuar042015', '0000-00-00', '0000-00-00', '', '', '0000-00-00 00:00:00', 0, '0000-00-00 00:00:00', 0, '0000-00-00 00:00:00', 0),
(75, 2, 2, 0, 0, '', 84, '198401262009111001', 'yanuar042015', '0000-00-00', '0000-00-00', '', '', '0000-00-00 00:00:00', 0, '0000-00-00 00:00:00', 0, '0000-00-00 00:00:00', 0),
(76, 184, 184, 0, 0, '', 85, '198401262009111001', 'yanuar042015', '0000-00-00', '0000-00-00', '', '', '0000-00-00 00:00:00', 0, '0000-00-00 00:00:00', 0, '0000-00-00 00:00:00', 0),
(77, 1, 1, 0, 0, '', 81, '198401262009111001', 'yanuar042015', '0000-00-00', '0000-00-00', '', '', '0000-00-00 00:00:00', 0, '0000-00-00 00:00:00', 0, '0000-00-00 00:00:00', 0),
(78, 4, 4, 0, 0, '', 87, '198401262009111001', 'yanuar052015', '0000-00-00', '0000-00-00', '', '', '0000-00-00 00:00:00', 0, '0000-00-00 00:00:00', 0, '0000-00-00 00:00:00', 0),
(79, 5, 5, 0, 0, '', 88, '198401262009111001', 'yanuar052015', '0000-00-00', '0000-00-00', '', '', '0000-00-00 00:00:00', 0, '0000-00-00 00:00:00', 0, '0000-00-00 00:00:00', 0),
(80, 12, 12, 0, 0, '', 24, '198401262009111001', 'yanuar052015', '0000-00-00', '0000-00-00', '', '', '0000-00-00 00:00:00', 0, '0000-00-00 00:00:00', 0, '0000-00-00 00:00:00', 0),
(81, 6, 6, 0, 0, '', 23, '198401262009111001', 'yanuar052015', '0000-00-00', '0000-00-00', '', '', '0000-00-00 00:00:00', 0, '0000-00-00 00:00:00', 0, '0000-00-00 00:00:00', 0),
(82, 3, 3, 0, 0, '', 22, '198401262009111001', 'yanuar052015', '0000-00-00', '0000-00-00', '', '', '0000-00-00 00:00:00', 0, '0000-00-00 00:00:00', 0, '0000-00-00 00:00:00', 0),
(83, 2, 2, 0, 0, '', 75, '198401262009111001', 'yanuar052015', '0000-00-00', '0000-00-00', '', '', '0000-00-00 00:00:00', 0, '0000-00-00 00:00:00', 0, '0000-00-00 00:00:00', 0),
(84, 5, 5, 0, 0, '', 43, '198401262009111001', 'yanuar052015', '0000-00-00', '0000-00-00', '', '', '0000-00-00 00:00:00', 0, '0000-00-00 00:00:00', 0, '0000-00-00 00:00:00', 0),
(85, 16, 16, 0, 0, '', 89, '198401262009111001', 'yanuar052015', '0000-00-00', '0000-00-00', '', '', '0000-00-00 00:00:00', 0, '0000-00-00 00:00:00', 0, '0000-00-00 00:00:00', 0),
(86, 4, 4, 0, 0, '', 90, '198401262009111001', 'yanuar052015', '0000-00-00', '0000-00-00', '', '', '0000-00-00 00:00:00', 0, '0000-00-00 00:00:00', 0, '0000-00-00 00:00:00', 0),
(87, 7, 7, 0, 0, '', 90, '198401262009111001', 'yanuar062015', '0000-00-00', '0000-00-00', '', '', '0000-00-00 00:00:00', 0, '0000-00-00 00:00:00', 0, '0000-00-00 00:00:00', 0),
(88, 10, 10, 0, 0, '', 71, '198401262009111001', 'yanuar062015', '0000-00-00', '0000-00-00', '', '', '0000-00-00 00:00:00', 0, '0000-00-00 00:00:00', 0, '0000-00-00 00:00:00', 0),
(89, 4, 4, 0, 0, '', 42, '198401262009111001', 'yanuar062015', '0000-00-00', '0000-00-00', '', '', '0000-00-00 00:00:00', 0, '0000-00-00 00:00:00', 0, '0000-00-00 00:00:00', 0),
(90, 5, 5, 0, 0, '', 43, '198401262009111001', 'yanuar062015', '0000-00-00', '0000-00-00', '', '', '0000-00-00 00:00:00', 0, '0000-00-00 00:00:00', 0, '0000-00-00 00:00:00', 0),
(91, 12, 12, 0, 0, '', 24, '198401262009111001', 'yanuar062015', '0000-00-00', '0000-00-00', '', '', '0000-00-00 00:00:00', 0, '0000-00-00 00:00:00', 0, '0000-00-00 00:00:00', 0),
(92, 6, 6, 0, 0, '', 23, '198401262009111001', 'yanuar062015', '0000-00-00', '0000-00-00', '', '', '0000-00-00 00:00:00', 0, '0000-00-00 00:00:00', 0, '0000-00-00 00:00:00', 0),
(93, 3, 3, 0, 0, '', 22, '198401262009111001', 'yanuar062015', '0000-00-00', '0000-00-00', '', '', '0000-00-00 00:00:00', 0, '0000-00-00 00:00:00', 0, '0000-00-00 00:00:00', 0),
(94, 2, 2, 0, 0, '', 75, '198401262009111001', 'yanuar062015', '0000-00-00', '0000-00-00', '', '', '0000-00-00 00:00:00', 0, '0000-00-00 00:00:00', 0, '0000-00-00 00:00:00', 0),
(95, 1, 1, 0, 0, '', 91, '198401262009111001', 'yanuar062015', '0000-00-00', '0000-00-00', '', '', '0000-00-00 00:00:00', 0, '0000-00-00 00:00:00', 0, '0000-00-00 00:00:00', 0),
(96, 3, 3, 0, 0, '', 92, '198401262009111001', 'yanuar062015', '0000-00-00', '0000-00-00', '', '', '0000-00-00 00:00:00', 0, '0000-00-00 00:00:00', 0, '0000-00-00 00:00:00', 0),
(97, 2, 2, 0, 0, '', 93, '198401262009111001', 'yanuar062015', '0000-00-00', '0000-00-00', '', '', '0000-00-00 00:00:00', 0, '0000-00-00 00:00:00', 0, '0000-00-00 00:00:00', 0),
(98, 31, 31, 0, 0, '', 94, '198401262009111001', 'yanuar062015', '0000-00-00', '0000-00-00', '', '', '0000-00-00 00:00:00', 0, '0000-00-00 00:00:00', 0, '0000-00-00 00:00:00', 0),
(99, 9, 9, 0, 0, '', 46, '198401262009111001', 'yanuar072015', '0000-00-00', '0000-00-00', '', '', '0000-00-00 00:00:00', 0, '0000-00-00 00:00:00', 0, '0000-00-00 00:00:00', 0),
(100, 3, 3, 0, 0, '', 64, '198401262009111001', 'yanuar072015', '0000-00-00', '0000-00-00', '', '', '0000-00-00 00:00:00', 0, '0000-00-00 00:00:00', 0, '0000-00-00 00:00:00', 0),
(101, 5, 5, 0, 0, '', 43, '198401262009111001', 'yanuar072015', '0000-00-00', '0000-00-00', '', '', '0000-00-00 00:00:00', 0, '0000-00-00 00:00:00', 0, '0000-00-00 00:00:00', 0),
(102, 4, 4, 0, 0, '', 31, '198401262009111001', 'yanuar072015', '0000-00-00', '0000-00-00', '', '', '0000-00-00 00:00:00', 0, '0000-00-00 00:00:00', 0, '0000-00-00 00:00:00', 0),
(103, 1, 1, 0, 0, '', 95, '198401262009111001', 'yanuar072015', '0000-00-00', '0000-00-00', '', '', '0000-00-00 00:00:00', 0, '0000-00-00 00:00:00', 0, '0000-00-00 00:00:00', 0),
(104, 1, 1, 0, 0, '', 74, '198401262009111001', 'yanuar072015', '0000-00-00', '0000-00-00', '', '', '0000-00-00 00:00:00', 0, '0000-00-00 00:00:00', 0, '0000-00-00 00:00:00', 0),
(105, 4, 4, 0, 0, '', 8, '198401262009111001', 'yanuar072015', '0000-00-00', '0000-00-00', '', '', '0000-00-00 00:00:00', 0, '0000-00-00 00:00:00', 0, '0000-00-00 00:00:00', 0),
(106, 12, 12, 0, 0, '', 24, '198401262009111001', 'yanuar072015', '0000-00-00', '0000-00-00', '', '', '0000-00-00 00:00:00', 0, '0000-00-00 00:00:00', 0, '0000-00-00 00:00:00', 0),
(107, 6, 6, 0, 0, '', 23, '198401262009111001', 'yanuar072015', '0000-00-00', '0000-00-00', '', '', '0000-00-00 00:00:00', 0, '0000-00-00 00:00:00', 0, '0000-00-00 00:00:00', 0),
(108, 3, 3, 0, 0, '', 22, '198401262009111001', 'yanuar072015', '0000-00-00', '0000-00-00', '', '', '0000-00-00 00:00:00', 0, '0000-00-00 00:00:00', 0, '0000-00-00 00:00:00', 0),
(109, 2, 2, 0, 0, '', 75, '198401262009111001', 'yanuar072015', '0000-00-00', '0000-00-00', '', '', '0000-00-00 00:00:00', 0, '0000-00-00 00:00:00', 0, '0000-00-00 00:00:00', 0),
(110, 3, 3, 0, 0, '', 9, '198401262009111001', 'yanuar072015', '0000-00-00', '0000-00-00', '', '', '0000-00-00 00:00:00', 0, '0000-00-00 00:00:00', 0, '0000-00-00 00:00:00', 0),
(111, 296, 296, 0, 0, '', 10, '198401262009111001', 'yanuar072015', '0000-00-00', '0000-00-00', '', '', '0000-00-00 00:00:00', 0, '0000-00-00 00:00:00', 0, '0000-00-00 00:00:00', 0),
(112, 12, 12, 0, 0, '', 24, '198401262009111001', 'yanuar082015', '0000-00-00', '0000-00-00', '', '', '0000-00-00 00:00:00', 0, '0000-00-00 00:00:00', 0, '0000-00-00 00:00:00', 0),
(113, 6, 6, 0, 0, '', 23, '198401262009111001', 'yanuar082015', '0000-00-00', '0000-00-00', '', '', '0000-00-00 00:00:00', 0, '0000-00-00 00:00:00', 0, '0000-00-00 00:00:00', 0),
(114, 3, 3, 0, 0, '', 22, '198401262009111001', 'yanuar082015', '0000-00-00', '0000-00-00', '', '', '0000-00-00 00:00:00', 0, '0000-00-00 00:00:00', 0, '0000-00-00 00:00:00', 0),
(115, 2, 2, 0, 0, '', 75, '198401262009111001', 'yanuar082015', '0000-00-00', '0000-00-00', '', '', '0000-00-00 00:00:00', 0, '0000-00-00 00:00:00', 0, '0000-00-00 00:00:00', 0),
(116, 4, 4, 0, 0, '', 93, '198401262009111001', 'yanuar082015', '0000-00-00', '0000-00-00', '', '', '0000-00-00 00:00:00', 0, '0000-00-00 00:00:00', 0, '0000-00-00 00:00:00', 0),
(117, 32, 32, 0, 0, '', 96, '198401262009111001', 'yanuar082015', '0000-00-00', '0000-00-00', '', '', '0000-00-00 00:00:00', 0, '0000-00-00 00:00:00', 0, '0000-00-00 00:00:00', 0),
(118, 1, 1, 0, 0, '', 18, '198401262009111001', 'yanuar082015', '0000-00-00', '0000-00-00', '', '', '0000-00-00 00:00:00', 0, '0000-00-00 00:00:00', 0, '0000-00-00 00:00:00', 0),
(120, 56, 56, 0, 0, '', 19, '198401262009111001', 'yanuar082015', '0000-00-00', '0000-00-00', '', '', '0000-00-00 00:00:00', 0, '0000-00-00 00:00:00', 0, '0000-00-00 00:00:00', 0),
(121, 30, 30, 0, 0, '', 7, '198401262009111001', 'yanuar082015', '0000-00-00', '0000-00-00', '', '', '0000-00-00 00:00:00', 0, '0000-00-00 00:00:00', 0, '0000-00-00 00:00:00', 0),
(122, 5, 5, 0, 0, '', 43, '198401262009111001', 'yanuar082015', '0000-00-00', '0000-00-00', '', '', '0000-00-00 00:00:00', 0, '0000-00-00 00:00:00', 0, '0000-00-00 00:00:00', 0),
(123, 174, 174, 0, 0, '', 97, '198401262009111001', 'yanuar082015', '0000-00-00', '0000-00-00', '', '', '0000-00-00 00:00:00', 0, '0000-00-00 00:00:00', 0, '0000-00-00 00:00:00', 0),
(124, 1, 1, 0, 0, '', 29, '198401262009111001', 'yanuar082015', '0000-00-00', '0000-00-00', '', '', '0000-00-00 00:00:00', 0, '0000-00-00 00:00:00', 0, '0000-00-00 00:00:00', 0),
(125, 143, 143, 0, 0, '', 30, '198401262009111001', 'yanuar082015', '0000-00-00', '0000-00-00', '', '', '0000-00-00 00:00:00', 0, '0000-00-00 00:00:00', 0, '0000-00-00 00:00:00', 0),
(126, 20, 20, 0, 0, '', 49, '198401262009111001', 'yanuar082015', '0000-00-00', '0000-00-00', '', '', '0000-00-00 00:00:00', 0, '0000-00-00 00:00:00', 0, '0000-00-00 00:00:00', 0),
(127, 1, 1, 0, 0, '', 99, '198401262009111001', 'yanuar082015', '0000-00-00', '0000-00-00', '', '', '0000-00-00 00:00:00', 0, '0000-00-00 00:00:00', 0, '0000-00-00 00:00:00', 0),
(128, 1, 1, 0, 0, '', 100, '198401262009111001', 'yanuar082015', '0000-00-00', '0000-00-00', '', '', '0000-00-00 00:00:00', 0, '0000-00-00 00:00:00', 0, '0000-00-00 00:00:00', 0),
(129, 10, 10, 0, 0, '', 71, '198401262009111001', 'yanuar092015', '0000-00-00', '0000-00-00', '', '', '0000-00-00 00:00:00', 0, '0000-00-00 00:00:00', 0, '0000-00-00 00:00:00', 0),
(130, 1, 1, 0, 0, '', 95, '198401262009111001', 'yanuar092015', '0000-00-00', '0000-00-00', '', '', '0000-00-00 00:00:00', 0, '0000-00-00 00:00:00', 0, '0000-00-00 00:00:00', 0),
(131, 10, 10, 0, 0, '', 21, '198401262009111001', 'yanuar092015', '0000-00-00', '0000-00-00', '', '', '0000-00-00 00:00:00', 0, '0000-00-00 00:00:00', 0, '0000-00-00 00:00:00', 0),
(132, 10, 10, 0, 0, '', 16, '198401262009111001', 'yanuar092015', '0000-00-00', '0000-00-00', '', '', '0000-00-00 00:00:00', 0, '0000-00-00 00:00:00', 0, '0000-00-00 00:00:00', 0),
(133, 12, 12, 0, 0, '', 24, '198401262009111001', 'yanuar092015', '0000-00-00', '0000-00-00', '', '', '0000-00-00 00:00:00', 0, '0000-00-00 00:00:00', 0, '0000-00-00 00:00:00', 0),
(134, 6, 6, 0, 0, '', 23, '198401262009111001', 'yanuar092015', '0000-00-00', '0000-00-00', '', '', '0000-00-00 00:00:00', 0, '0000-00-00 00:00:00', 0, '0000-00-00 00:00:00', 0),
(135, 3, 3, 0, 0, '', 22, '198401262009111001', 'yanuar092015', '0000-00-00', '0000-00-00', '', '', '0000-00-00 00:00:00', 0, '0000-00-00 00:00:00', 0, '0000-00-00 00:00:00', 0),
(136, 2, 2, 0, 0, '', 75, '198401262009111001', 'yanuar092015', '0000-00-00', '0000-00-00', '', '', '0000-00-00 00:00:00', 0, '0000-00-00 00:00:00', 0, '0000-00-00 00:00:00', 0),
(138, 5, 5, 0, 0, '', 43, '198401262009111001', 'yanuar092015', '0000-00-00', '0000-00-00', '', '', '0000-00-00 00:00:00', 0, '0000-00-00 00:00:00', 0, '0000-00-00 00:00:00', 0),
(139, 3, 3, 0, 0, '', 31, '198401262009111001', 'yanuar092015', '0000-00-00', '0000-00-00', '', '', '0000-00-00 00:00:00', 0, '0000-00-00 00:00:00', 0, '0000-00-00 00:00:00', 0),
(140, 24, 24, 0, 0, '', 101, '198401262009111001', 'yanuar092015', '0000-00-00', '0000-00-00', '', '', '0000-00-00 00:00:00', 0, '0000-00-00 00:00:00', 0, '0000-00-00 00:00:00', 0),
(141, 22, 22, 0, 0, '', 102, '198401262009111001', 'yanuar092015', '0000-00-00', '0000-00-00', '', '', '0000-00-00 00:00:00', 0, '0000-00-00 00:00:00', 0, '0000-00-00 00:00:00', 0),
(142, 3, 3, 0, 0, '', 64, '198401262009111001', 'yanuar102015', '0000-00-00', '0000-00-00', '', '', '0000-00-00 00:00:00', 0, '0000-00-00 00:00:00', 0, '0000-00-00 00:00:00', 0),
(143, 1, 1, 0, 0, '', 76, '198401262009111001', 'yanuar102015', '0000-00-00', '0000-00-00', '', '', '0000-00-00 00:00:00', 0, '0000-00-00 00:00:00', 0, '0000-00-00 00:00:00', 0),
(144, 2, 2, 0, 0, '', 65, '198401262009111001', 'yanuar102015', '0000-00-00', '0000-00-00', '', '', '0000-00-00 00:00:00', 0, '0000-00-00 00:00:00', 0, '0000-00-00 00:00:00', 0),
(145, 5, 5, 0, 0, '', 31, '198401262009111001', 'yanuar102015', '0000-00-00', '0000-00-00', '', '', '0000-00-00 00:00:00', 0, '0000-00-00 00:00:00', 0, '0000-00-00 00:00:00', 0),
(146, 5, 5, 0, 0, '', 43, '198401262009111001', 'yanuar102015', '0000-00-00', '0000-00-00', '', '', '0000-00-00 00:00:00', 0, '0000-00-00 00:00:00', 0, '0000-00-00 00:00:00', 0),
(147, 6, 6, 0, 0, '', 42, '198401262009111001', 'yanuar102015', '0000-00-00', '0000-00-00', '', '', '0000-00-00 00:00:00', 0, '0000-00-00 00:00:00', 0, '0000-00-00 00:00:00', 0),
(148, 64, 64, 0, 0, '', 68, '198401262009111001', 'yanuar102015', '0000-00-00', '0000-00-00', '', '', '0000-00-00 00:00:00', 0, '0000-00-00 00:00:00', 0, '0000-00-00 00:00:00', 0),
(149, 50, 50, 0, 0, '', 69, '198401262009111001', 'yanuar102015', '0000-00-00', '0000-00-00', '', '', '0000-00-00 00:00:00', 0, '0000-00-00 00:00:00', 0, '0000-00-00 00:00:00', 0),
(150, 1, 1, 0, 0, '', 70, '198401262009111001', 'yanuar102015', '0000-00-00', '0000-00-00', '', '', '0000-00-00 00:00:00', 0, '0000-00-00 00:00:00', 0, '0000-00-00 00:00:00', 0),
(151, 12, 12, 0, 0, '', 24, '198401262009111001', 'yanuar102015', '0000-00-00', '0000-00-00', '', '', '0000-00-00 00:00:00', 0, '0000-00-00 00:00:00', 0, '0000-00-00 00:00:00', 0),
(152, 6, 6, 0, 0, '', 23, '198401262009111001', 'yanuar102015', '0000-00-00', '0000-00-00', '', '', '0000-00-00 00:00:00', 0, '0000-00-00 00:00:00', 0, '0000-00-00 00:00:00', 0),
(153, 3, 3, 0, 0, '', 22, '198401262009111001', 'yanuar102015', '0000-00-00', '0000-00-00', '', '', '0000-00-00 00:00:00', 0, '0000-00-00 00:00:00', 0, '0000-00-00 00:00:00', 0),
(154, 2, 2, 0, 0, '', 75, '198401262009111001', 'yanuar102015', '0000-00-00', '0000-00-00', '', '', '0000-00-00 00:00:00', 0, '0000-00-00 00:00:00', 0, '0000-00-00 00:00:00', 0),
(155, 10, 10, 0, 0, '', 4, '198401262009111001', 'yanuar012015', '2015-12-01', '2015-12-01', '', '', '2015-12-05 13:10:15', 33, '0000-00-00 00:00:00', 0, '0000-00-00 00:00:00', 0),
(156, 5, 5, 0, 0, '', 5, '198401262009111001', 'yanuar112015', '2015-11-01', '2015-12-31', '', '', '2015-12-05 14:26:22', 33, '0000-00-00 00:00:00', 0, '0000-00-00 00:00:00', 0);

-- --------------------------------------------------------

--
-- Table structure for table `konfirmasi`
--

CREATE TABLE IF NOT EXISTS `konfirmasi` (
  `id` varchar(100) NOT NULL,
  `nip` varchar(18) NOT NULL,
  `tgl_konfirmasi` date NOT NULL,
  `bulan_konfirmasi` varchar(50) NOT NULL,
  `tahun` varchar(10) NOT NULL,
  `keterangan` varchar(100) NOT NULL,
  `created` datetime NOT NULL,
  `createdBy` int(11) NOT NULL,
  `modified` datetime NOT NULL,
  `modifiedBy` int(11) NOT NULL,
  `deleted` datetime NOT NULL,
  `deletedBy` int(11) NOT NULL,
  PRIMARY KEY (`id`)
) ENGINE=InnoDB DEFAULT CHARSET=latin1;

--
-- Dumping data for table `konfirmasi`
--

INSERT INTO `konfirmasi` (`id`, `nip`, `tgl_konfirmasi`, `bulan_konfirmasi`, `tahun`, `keterangan`, `created`, `createdBy`, `modified`, `modifiedBy`, `deleted`, `deletedBy`) VALUES
('supandi2015', '197205052001121003', '2015-02-02', 'Februari', '2015', 'SKP 2015', '0000-00-00 00:00:00', 0, '0000-00-00 00:00:00', 0, '0000-00-00 00:00:00', 0),
('yanuar2014', '198401262009111001', '2015-02-04', 'Februari', '2014', 'SKP 2014', '0000-00-00 00:00:00', 0, '0000-00-00 00:00:00', 0, '0000-00-00 00:00:00', 0),
('yanuar2015', '198401262009111001', '2015-02-01', 'Januari', '2015', 'SKP 2015', '0000-00-00 00:00:00', 0, '0000-00-00 00:00:00', 0, '0000-00-00 00:00:00', 0);

-- --------------------------------------------------------

--
-- Table structure for table `konfirmasickp`
--

CREATE TABLE IF NOT EXISTS `konfirmasickp` (
  `id` varchar(100) NOT NULL,
  `nip` varchar(18) NOT NULL,
  `tgl` date NOT NULL,
  `bulan` varchar(50) NOT NULL,
  `tahun` varchar(10) NOT NULL,
  `keterangan` varchar(100) NOT NULL,
  `created` datetime NOT NULL,
  `createdBy` int(11) NOT NULL,
  `modified` datetime NOT NULL,
  `modifiedBy` int(11) NOT NULL,
  `deleted` datetime NOT NULL,
  `deletedBy` int(11) NOT NULL,
  PRIMARY KEY (`id`)
) ENGINE=InnoDB DEFAULT CHARSET=latin1;

--
-- Dumping data for table `konfirmasickp`
--

INSERT INTO `konfirmasickp` (`id`, `nip`, `tgl`, `bulan`, `tahun`, `keterangan`, `created`, `createdBy`, `modified`, `modifiedBy`, `deleted`, `deletedBy`) VALUES
('ss012015', '198401262209111001', '2015-02-01', 'Januari', '2015', '', '0000-00-00 00:00:00', 0, '0000-00-00 00:00:00', 0, '0000-00-00 00:00:00', 0),
('supandi012015', '197205052001121003', '2015-01-31', 'Januari', '2015', 'CKP januari 2015', '0000-00-00 00:00:00', 0, '0000-00-00 00:00:00', 0, '0000-00-00 00:00:00', 0),
('yanuar012015', '198401262009111001', '2015-01-31', 'Januari', '2015', 'CKP januari 2015', '0000-00-00 00:00:00', 0, '0000-00-00 00:00:00', 0, '0000-00-00 00:00:00', 0),
('yanuar022015', '198401262009111001', '2015-02-01', 'Februari', '2015', 'CKP Februari 2015', '0000-00-00 00:00:00', 0, '0000-00-00 00:00:00', 0, '0000-00-00 00:00:00', 0),
('yanuar032015', '198401262009111001', '2015-03-31', 'Maret', '2015', 'CKP Maret 2015', '0000-00-00 00:00:00', 0, '0000-00-00 00:00:00', 0, '0000-00-00 00:00:00', 0),
('yanuar042015', '198401262009111001', '2015-05-04', 'April', '2015', 'CKP April 2015', '0000-00-00 00:00:00', 0, '0000-00-00 00:00:00', 0, '0000-00-00 00:00:00', 0),
('yanuar052015', '198401262009111001', '2015-06-01', 'Mei', '2015', 'CKP Mei 2015', '0000-00-00 00:00:00', 0, '0000-00-00 00:00:00', 0, '0000-00-00 00:00:00', 0),
('yanuar062015', '198401262009111001', '2015-06-30', 'Juni', '2015', 'CKP Juni 2015', '0000-00-00 00:00:00', 0, '0000-00-00 00:00:00', 0, '0000-00-00 00:00:00', 0),
('yanuar072015', '198401262009111001', '2015-08-02', 'Juli', '2015', 'CKP Juli 2015', '0000-00-00 00:00:00', 0, '0000-00-00 00:00:00', 0, '0000-00-00 00:00:00', 0),
('yanuar082015', '198401262009111001', '2015-09-01', 'Agustus', '2015', 'CKP Agustus  2015', '0000-00-00 00:00:00', 0, '0000-00-00 00:00:00', 0, '0000-00-00 00:00:00', 0),
('yanuar092015', '198401262009111001', '2015-09-30', 'September', '2015', 'CKP September  2015', '0000-00-00 00:00:00', 0, '0000-00-00 00:00:00', 0, '0000-00-00 00:00:00', 0),
('yanuar102015', '198401262009111001', '2015-10-30', 'Oktober', '2015', 'CKP Oktober 2015', '0000-00-00 00:00:00', 0, '0000-00-00 00:00:00', 0, '0000-00-00 00:00:00', 0),
('yanuar112015', '198401262009111001', '2015-11-01', 'November', '2015', 'CKP November 2015', '2015-12-05 14:44:47', 33, '2015-12-05 15:08:44', 33, '0000-00-00 00:00:00', 0);

-- --------------------------------------------------------

--
-- Table structure for table `level`
--

CREATE TABLE IF NOT EXISTS `level` (
  `id` int(11) NOT NULL AUTO_INCREMENT,
  `level` varchar(50) NOT NULL,
  PRIMARY KEY (`id`)
) ENGINE=InnoDB  DEFAULT CHARSET=latin1 AUTO_INCREMENT=4 ;

--
-- Dumping data for table `level`
--

INSERT INTO `level` (`id`, `level`) VALUES
(1, 'admin'),
(2, 'moderator'),
(3, 'member');

-- --------------------------------------------------------

--
-- Table structure for table `ref_kasi`
--

CREATE TABLE IF NOT EXISTS `ref_kasi` (
  `id` int(11) NOT NULL AUTO_INCREMENT,
  `nama_kasi` varchar(50) NOT NULL,
  `created` datetime NOT NULL,
  `createdBy` int(11) NOT NULL,
  `modified` datetime NOT NULL,
  `modifiedBy` int(11) NOT NULL,
  `deleted` datetime NOT NULL,
  `deletedBy` int(11) NOT NULL,
  PRIMARY KEY (`id`)
) ENGINE=InnoDB  DEFAULT CHARSET=latin1 AUTO_INCREMENT=6 ;

--
-- Dumping data for table `ref_kasi`
--

INSERT INTO `ref_kasi` (`id`, `nama_kasi`, `created`, `createdBy`, `modified`, `modifiedBy`, `deleted`, `deletedBy`) VALUES
(1, 'Sosial', '0000-00-00 00:00:00', 0, '0000-00-00 00:00:00', 0, '0000-00-00 00:00:00', 0),
(2, 'Produksi', '0000-00-00 00:00:00', 0, '0000-00-00 00:00:00', 0, '0000-00-00 00:00:00', 0),
(3, 'Distribusi', '0000-00-00 00:00:00', 0, '0000-00-00 00:00:00', 0, '0000-00-00 00:00:00', 0),
(4, 'Nerwil', '0000-00-00 00:00:00', 0, '0000-00-00 00:00:00', 0, '0000-00-00 00:00:00', 0),
(5, 'IPDS', '0000-00-00 00:00:00', 0, '0000-00-00 00:00:00', 0, '0000-00-00 00:00:00', 0);

-- --------------------------------------------------------

--
-- Table structure for table `ref_kegiatan`
--

CREATE TABLE IF NOT EXISTS `ref_kegiatan` (
  `id` int(11) NOT NULL AUTO_INCREMENT,
  `nama_kegiatan` varchar(250) NOT NULL,
  `kode_kegiatan` varchar(30) NOT NULL,
  `sat_ak` float NOT NULL,
  `satuan_kegiatan` varchar(50) NOT NULL,
  `id_kasi` int(11) NOT NULL,
  `created` datetime NOT NULL,
  `createdBy` int(11) NOT NULL,
  `modified` datetime NOT NULL,
  `modifiedBy` int(11) NOT NULL,
  `deleted` datetime NOT NULL,
  `deletedBy` int(11) NOT NULL,
  PRIMARY KEY (`id`)
) ENGINE=InnoDB  DEFAULT CHARSET=latin1 AUTO_INCREMENT=104 ;

--
-- Dumping data for table `ref_kegiatan`
--

INSERT INTO `ref_kegiatan` (`id`, `nama_kegiatan`, `kode_kegiatan`, `sat_ak`, `satuan_kegiatan`, `id_kasi`, `created`, `createdBy`, `modified`, `modifiedBy`, `deleted`, `deletedBy`) VALUES
(4, 'Mengikuti Briefing Survei Sakernas Semesteran', 'II.A.6.a', 0.01, 'Jam', 1, '0000-00-00 00:00:00', 0, '0000-00-00 00:00:00', 0, '0000-00-00 00:00:00', 0),
(5, 'Melakukan Pengenalan Wilayah Blok Sensus Dalam Rangka Survei Sakernas Semesteran', 'II.A.8.a', 0.03, 'Blok Sensus', 1, '0000-00-00 00:00:00', 0, '0000-00-00 00:00:00', 0, '0000-00-00 00:00:00', 0),
(6, 'Melakukan Pemuktahiran/Updating Survei Sakernas Semesteran', 'II.A.9.a', 0.001, 'Rumah Tangga', 1, '0000-00-00 00:00:00', 0, '0000-00-00 00:00:00', 0, '0000-00-00 00:00:00', 0),
(7, 'Melakukan Pencacahan Survei Sakernas Semesteran', 'II.B.1.b', 0.011, 'Rumah Tangga', 1, '0000-00-00 00:00:00', 0, '0000-00-00 00:00:00', 0, '0000-00-00 00:00:00', 0),
(8, 'Mengikuti Briefing Survei Sakernas Tahunan', 'II.A.6.a', 0.01, 'Jam', 1, '0000-00-00 00:00:00', 0, '0000-00-00 00:00:00', 0, '0000-00-00 00:00:00', 0),
(9, 'Melakukan Pengenalan Wilayah Blok Sensus Dalam Rangka Survei Sakernas Tahunan', 'II.A.8.a', 0.03, 'Blok Sensus', 1, '0000-00-00 00:00:00', 0, '0000-00-00 00:00:00', 0, '0000-00-00 00:00:00', 0),
(10, 'Melakukan Pemuktahiran/Updating Survei Sakernas Tahunan', 'II.A.9.a', 0.001, 'Rumah Tangga', 1, '0000-00-00 00:00:00', 0, '0000-00-00 00:00:00', 0, '0000-00-00 00:00:00', 0),
(11, 'Melakukan Pencacahan Survei Sakernas Tahunan', 'II.B.1.b', 0.011, 'Rumah Tangga', 1, '0000-00-00 00:00:00', 0, '0000-00-00 00:00:00', 0, '0000-00-00 00:00:00', 0),
(12, 'Mengikuti Briefing Survei Susenas K dan KP ', 'II.A.6.a', 0.01, 'Jam', 1, '0000-00-00 00:00:00', 0, '0000-00-00 00:00:00', 0, '0000-00-00 00:00:00', 0),
(13, 'Melakukan Pengenalan Wilayah Blok Sensus Dalam Rangka Survei Susenas K dan KP', 'II.A.8.a', 0.03, 'Blok Sensus', 1, '0000-00-00 00:00:00', 0, '0000-00-00 00:00:00', 0, '0000-00-00 00:00:00', 0),
(14, 'Melakukan Pemuktahiran/Updating Survei Susenas K dan KP', 'II.A.9.a', 0.001, 'Rumah Tangga', 1, '0000-00-00 00:00:00', 0, '0000-00-00 00:00:00', 0, '0000-00-00 00:00:00', 0),
(15, 'Melakukan Pencacahan Survei Susenas K', 'II.B.1.c', 0.027, 'Rumah Tangga', 1, '0000-00-00 00:00:00', 0, '0000-00-00 00:00:00', 0, '0000-00-00 00:00:00', 0),
(16, 'Melakukan Pencacahan Survei  Susenas KP ', 'II.B.1.c', 0.027, 'Rumah Tangga', 1, '0000-00-00 00:00:00', 0, '0000-00-00 00:00:00', 0, '0000-00-00 00:00:00', 0),
(17, 'Mengikuti Briefing Survei Susenas KP dan MSBP', 'II.A.6.a', 0.01, 'Jam', 1, '0000-00-00 00:00:00', 0, '0000-00-00 00:00:00', 0, '0000-00-00 00:00:00', 0),
(18, 'Melakukan Pengenalan Wilayah Blok Sensus Dalam Rangka Survei Susenas KP dan MSBP', 'II.A.8.a', 0.03, 'Blok Sensus', 1, '0000-00-00 00:00:00', 0, '0000-00-00 00:00:00', 0, '0000-00-00 00:00:00', 0),
(19, 'Melakukan Pemuktahiran/Updating Survei Susenas KP dan MSBP', 'II.A.9.a', 0.001, 'Rumah Tangga', 1, '0000-00-00 00:00:00', 0, '0000-00-00 00:00:00', 0, '0000-00-00 00:00:00', 0),
(20, 'Melakukan Pencacahan Survei Susenas KP', 'II.B.1.c', 0.027, 'Rumah Tangga', 1, '0000-00-00 00:00:00', 0, '0000-00-00 00:00:00', 0, '0000-00-00 00:00:00', 0),
(21, 'Melakukan Pencacahan Survei  Susenas MSBP ', 'II.B.1.c', 0.027, 'Rumah Tangga', 1, '0000-00-00 00:00:00', 0, '0000-00-00 00:00:00', 0, '0000-00-00 00:00:00', 0),
(22, 'Melakukan Pencacahan Survei Harga Produsen Umum (HP-S)', 'II.B.2.a', 0.01, 'Perusahaan', 3, '0000-00-00 00:00:00', 0, '0000-00-00 00:00:00', 0, '0000-00-00 00:00:00', 0),
(23, 'Melakukan Pencacahan Survei Harga Perdagangan Besar Umum (HPB-S)', 'II.B.2.a', 0.01, 'Perusahaan', 3, '0000-00-00 00:00:00', 0, '0000-00-00 00:00:00', 0, '0000-00-00 00:00:00', 0),
(24, 'Melakukan Pencacahan Survei Harga Produsen Pedesaan HD', 'II.B.2.a', 0.01, 'Responden', 3, '0000-00-00 00:00:00', 0, '0000-00-00 00:00:00', 0, '0000-00-00 00:00:00', 0),
(25, 'Melakukan Pencacahan Survei Harga Konsumen Pedesaan HKD', 'II.B.2.a', 0.01, 'Responden', 3, '0000-00-00 00:00:00', 0, '0000-00-00 00:00:00', 0, '0000-00-00 00:00:00', 0),
(26, 'Melakukan Pencacahan Survei Statistik Keuangan Desa (K3)', 'II.B.2.b', 0.021, 'Responden', 3, '0000-00-00 00:00:00', 0, '0000-00-00 00:00:00', 0, '0000-00-00 00:00:00', 0),
(27, 'Melakukan Pencacahan Survei Lembaga Keuangan (SLK)', 'II.B.2.b', 0.021, 'Responden', 3, '0000-00-00 00:00:00', 0, '0000-00-00 00:00:00', 0, '0000-00-00 00:00:00', 0),
(28, 'Mengikuti Briefing Survei Industri Besar/Sedang', 'II.A.6.a', 0.01, 'Jam', 2, '0000-00-00 00:00:00', 0, '0000-00-00 00:00:00', 0, '0000-00-00 00:00:00', 0),
(29, 'Melakukan Pengenalan Wilayah Blok Sensus Dalam Rangka Ubinan ', 'II.A.8.a', 0.03, 'Blok Sensus', 2, '0000-00-00 00:00:00', 0, '0000-00-00 00:00:00', 0, '0000-00-00 00:00:00', 0),
(30, 'Melakukan Updating Listing Rumah Tangga Pertanian/Ubinan ', 'II.A.9.a', 0.001, 'Rumah Tangga', 2, '0000-00-00 00:00:00', 0, '0000-00-00 00:00:00', 0, '0000-00-00 00:00:00', 0),
(31, 'Melakukan Pengumpulan Data Rata-rata Produksi Tanaman Pangan/Ubinan', 'II.B.2.b', 0.021, 'Responden', 2, '0000-00-00 00:00:00', 0, '0000-00-00 00:00:00', 0, '0000-00-00 00:00:00', 0),
(32, 'Melakukan Updating Direktori Survei Konstruksi (UDP) ', 'II.A.12.b', 0.004, 'Perusahaan', 2, '0000-00-00 00:00:00', 0, '0000-00-00 00:00:00', 0, '0000-00-00 00:00:00', 0),
(33, 'Melakukan Pencacahan Survei Konstruksi Triwulanan (SKTr) ', 'II.B.2.b', 0.021, 'Perusahaan', 2, '0000-00-00 00:00:00', 0, '0000-00-00 00:00:00', 0, '0000-00-00 00:00:00', 0),
(34, 'Melakukan Pencacahan Survei Konstruksi Tahunan (SKTh) ', 'II.B.2.b', 0.021, 'Perusahaan', 2, '0000-00-00 00:00:00', 0, '0000-00-00 00:00:00', 0, '0000-00-00 00:00:00', 0),
(35, 'Melakukan Listing Survei Usaha Kontruksi Perorangan (SKP)  ', 'II.A.12.b', 0.004, 'Responden', 2, '0000-00-00 00:00:00', 0, '0000-00-00 00:00:00', 0, '0000-00-00 00:00:00', 0),
(36, 'Melakukan Pencacahan Survei Usaha Konstruksi Perorangan (SKP) ', 'II.B.2.b', 0.021, 'Responden', 2, '0000-00-00 00:00:00', 0, '0000-00-00 00:00:00', 0, '0000-00-00 00:00:00', 0),
(37, 'Melakukan Updating Direktori dengan Form IBS14-Update', 'II.A.12.b', 0.004, 'Perusahaan', 2, '0000-00-00 00:00:00', 0, '0000-00-00 00:00:00', 0, '0000-00-00 00:00:00', 0),
(38, 'Melakukan Matching Direktori IBS BPS', 'II.A.12.b', 0.004, 'Perusahaan', 2, '0000-00-00 00:00:00', 0, '0000-00-00 00:00:00', 0, '0000-00-00 00:00:00', 0),
(39, 'Melakukan Pencacahan Survei Calon Perusahan Industri Besar/Sedang Tahunan Tambahan  (I-B) ', 'II.B.2.a', 0.01, 'Perusahaan', 2, '0000-00-00 00:00:00', 0, '0000-00-00 00:00:00', 0, '0000-00-00 00:00:00', 0),
(40, 'Melakukan Pencacahan Survei Perusahan Industri Besar/Sedang Tahunan Tutup, Dobel,Pindah (II-B) ', 'II.B.2.a', 0.01, 'Perusahaan', 2, '0000-00-00 00:00:00', 0, '0000-00-00 00:00:00', 0, '0000-00-00 00:00:00', 0),
(41, 'Melakukan Pencacahan Survei Industri Besar/Sedang Tahunan Non Respon ', 'II.B.2.b', 0.021, 'Perusahaan', 2, '0000-00-00 00:00:00', 0, '0000-00-00 00:00:00', 0, '0000-00-00 00:00:00', 0),
(42, 'Melakukan Pencacahan Survei Industri besar/sedang Tahunan', 'II.B.2.b', 0.021, 'Perusahaan', 2, '0000-00-00 00:00:00', 0, '0000-00-00 00:00:00', 0, '0000-00-00 00:00:00', 0),
(43, 'Melakukan Pencacahan Survei Industri besar/sedang Bulanan', 'II.B.2.a', 0.01, 'Perusahaan', 2, '0000-00-00 00:00:00', 0, '0000-00-00 00:00:00', 0, '0000-00-00 00:00:00', 0),
(44, 'Melakukan Pengenalan Wilayah Blok Sensus Dalam Rangka Survei IMK Triwulan ', 'II.A.8.a', 0.03, 'Blok Sensus', 2, '0000-00-00 00:00:00', 0, '0000-00-00 00:00:00', 0, '0000-00-00 00:00:00', 0),
(45, 'Melakukan Listing/Updating Survei IMK Triwulan ', 'II.A.9.a', 0.001, 'Rumah Tangga', 2, '0000-00-00 00:00:00', 0, '0000-00-00 00:00:00', 0, '0000-00-00 00:00:00', 0),
(46, 'Melakukan Pencacahan Survei IMK Triwulan ', 'II.B.2.b', 0.021, 'Responden', 2, '0000-00-00 00:00:00', 0, '0000-00-00 00:00:00', 0, '0000-00-00 00:00:00', 0),
(47, 'Melakukan Pengenalan Wilayah Blok Sensus Dalam rangka Survei IMK Tahunan ', 'II.A.8.a', 0.03, 'Blok Sensus', 2, '0000-00-00 00:00:00', 0, '0000-00-00 00:00:00', 0, '0000-00-00 00:00:00', 0),
(48, 'Melakukan Listing/Updating Survei IMK Tahunan ', 'II.A.9.a', 0.001, 'Rumah Tangga', 2, '0000-00-00 00:00:00', 0, '0000-00-00 00:00:00', 0, '0000-00-00 00:00:00', 0),
(49, 'Melakukan Pencacahan Survei IMK Tahunan ', 'II.B.2.b', 0.021, 'Responden', 2, '0000-00-00 00:00:00', 0, '0000-00-00 00:00:00', 0, '0000-00-00 00:00:00', 0),
(50, 'Melakukan Pengenalan Wilayah Blok Sensus Dalam Rangka Survei Luas Lahan dan Luas Lahan Tanaman Pangan ', 'II.A.8.a', 0.03, 'Blok Sensus', 2, '0000-00-00 00:00:00', 0, '0000-00-00 00:00:00', 0, '0000-00-00 00:00:00', 0),
(51, 'Melakukan Updating Survei Survei Luas Lahan dan Luas Lahan Tanaman Pangan  ', 'II.A.9.a', 0.001, 'Rumah Tangga', 2, '0000-00-00 00:00:00', 0, '0000-00-00 00:00:00', 0, '0000-00-00 00:00:00', 0),
(52, 'Melakukan Pencacahan Survei Survei Luas Lahan dan Luas Lahan Tanaman Pangan  ', 'II.B.2.b', 0.021, 'Responden', 2, '0000-00-00 00:00:00', 0, '0000-00-00 00:00:00', 0, '0000-00-00 00:00:00', 0),
(53, 'Melakukan Pemeriksaan Data Hasil Pengumpulan Data Luas Panen dan Luas Lahan/SP-Padi Bulanan', 'II.B.7.a', 0.002, 'Kuesioner', 2, '0000-00-00 00:00:00', 0, '0000-00-00 00:00:00', 0, '0000-00-00 00:00:00', 0),
(54, 'Melakukan Pemeriksaan Data Hasil Pengumpulan Data Luas Panen dan Luas Lahan/SP-Palawija Bulanan', 'II.B.7.a', 0.002, 'Kuesioner', 2, '0000-00-00 00:00:00', 0, '0000-00-00 00:00:00', 0, '0000-00-00 00:00:00', 0),
(55, 'Melakukan Pemeriksaan Data Hasil Pengumpulan Data Penggunaan Lahan/SP-Lahan Padi dan Palawija Tahunan', 'II.B.7.a', 0.002, 'Kuesioner', 2, '0000-00-00 00:00:00', 0, '0000-00-00 00:00:00', 0, '0000-00-00 00:00:00', 0),
(56, 'Melakukan Pemeriksaan Data Hasil Pengumpulan Data Alat-alat Pertanian/SP-Alsintan Padi dan Palawija Tahunan', 'II.B.7.a', 0.002, 'Kuesioner', 2, '0000-00-00 00:00:00', 0, '0000-00-00 00:00:00', 0, '0000-00-00 00:00:00', 0),
(57, 'Melakukan Pemeriksaan Data Hasil Pengumpulan Data Penggunaan Benih/SP-Benih Padi dan Palawija Tahunan', 'II.B.7.a', 0.002, 'Kuesioner', 2, '0000-00-00 00:00:00', 0, '0000-00-00 00:00:00', 0, '0000-00-00 00:00:00', 0),
(58, 'Melakukan Pemeriksaan Data Hasil Pengumpulan Data Hortikultura/SPH-SBS Bulanan', 'II.B.7.a', 0.002, 'Kuesioner', 2, '0000-00-00 00:00:00', 0, '0000-00-00 00:00:00', 0, '0000-00-00 00:00:00', 0),
(59, 'Melakukan Pemeriksaan Data Hasil Pengumpulan Data Hortikultura/SPH-BST Triwulanan', 'II.B.7.a', 0.002, 'Kuesioner', 2, '0000-00-00 00:00:00', 0, '0000-00-00 00:00:00', 0, '0000-00-00 00:00:00', 0),
(60, 'Melakukan Pemeriksaan Data Hasil Pengumpulan Data Hortikultura/SPH-TBF Triwulanan', 'II.B.7.a', 0.002, 'Kuesioner', 2, '0000-00-00 00:00:00', 0, '0000-00-00 00:00:00', 0, '0000-00-00 00:00:00', 0),
(61, 'Melakukan Pemeriksaan Data Hasil Pengumpulan Data Hortikultura/SPH-TH Triwulanan', 'II.B.7.a', 0.002, 'Kuesioner', 2, '0000-00-00 00:00:00', 0, '0000-00-00 00:00:00', 0, '0000-00-00 00:00:00', 0),
(62, 'Melakukan Pemeriksaan Data Hasil Pengumpulan Data Alat-alat Pertanian/SPH-Alsintan Hortikutura Tahunan', 'II.B.7.a', 0.002, 'Kuesioner', 2, '0000-00-00 00:00:00', 0, '0000-00-00 00:00:00', 0, '0000-00-00 00:00:00', 0),
(63, 'Melakukan Pemeriksaan Data Hasil Pengumpulan Data Benih/SPH-Benih Hortikutura Tahunan', 'II.B.7.a', 0.002, 'Kuesioner', 2, '0000-00-00 00:00:00', 0, '0000-00-00 00:00:00', 0, '0000-00-00 00:00:00', 0),
(64, 'Melakukan Pencacahan Survei SKKRT Triwulanan', 'II.B.2.b', 0.021, 'Responden', 4, '0000-00-00 00:00:00', 0, '0000-00-00 00:00:00', 0, '0000-00-00 00:00:00', 0),
(65, 'Melakukan Pencacahan Survei SKLNPRT Triwulanan', 'II.B.2.b', 0.021, 'Responden', 4, '0000-00-00 00:00:00', 0, '0000-00-00 00:00:00', 0, '0000-00-00 00:00:00', 0),
(66, 'Menyusun Statistik daerah Kecamatan (STADA) 2015', 'III.A', 1.2, 'Buku', 4, '0000-00-00 00:00:00', 0, '0000-00-00 00:00:00', 0, '0000-00-00 00:00:00', 0),
(67, 'Melakukan Pengumpulan data sekunder Kecamatan Dalam Angka 2015', 'II.B.3', 0.01, 'Kunjungan', 5, '0000-00-00 00:00:00', 0, '0000-00-00 00:00:00', 0, '0000-00-00 00:00:00', 0),
(68, 'Melakukan Entry Data Kecamatan Dalam Angka (KDA) 2015 ', 'II.C.2', 0.002, 'Halaman', 5, '0000-00-00 00:00:00', 0, '0000-00-00 00:00:00', 0, '0000-00-00 00:00:00', 0),
(69, 'Memeriksa Tabel Publikasi Kecamatan Dalam Angka (KDA) 2015', 'II.D.3', 0.01, 'Tabel', 5, '0000-00-00 00:00:00', 0, '0000-00-00 00:00:00', 0, '0000-00-00 00:00:00', 0),
(70, 'Menyusun Publikasi Kecamatan Dalam Angka (KDA) 2015', 'II.D.4', 1, 'Buku', 5, '0000-00-00 00:00:00', 0, '0000-00-00 00:00:00', 0, '0000-00-00 00:00:00', 0),
(71, 'Melakukan Pencacahan Survei STK Triwulanan', 'II.B.2.b', 0.021, 'Responden', 4, '0000-00-00 00:00:00', 0, '0000-00-00 00:00:00', 0, '0000-00-00 00:00:00', 0),
(72, 'Melakukan Pencacahan Survei Harga Perdagangan Besar Konstruksi (HPB-K2)', 'II.B.2.a', 0.01, 'Responden', 3, '0000-00-00 00:00:00', 0, '0000-00-00 00:00:00', 0, '0000-00-00 00:00:00', 0),
(73, 'Melakukan Updating Survei LNPRT', 'II.A.12.b', 0.004, 'Responden', 4, '0000-00-00 00:00:00', 0, '0000-00-00 00:00:00', 0, '0000-00-00 00:00:00', 0),
(74, 'Melakukan Pencacahan Survei SKTNP Triwulanan', 'II.B.2.b', 0.021, 'Responden', 4, '0000-00-00 00:00:00', 0, '0000-00-00 00:00:00', 0, '0000-00-00 00:00:00', 0),
(75, 'Melakukan Pencacahan Survei Harga Produsen Konstruksi (HP-K)', 'II.B.2.a', 0.01, 'Perusahaan', 3, '0000-00-00 00:00:00', 0, '0000-00-00 00:00:00', 0, '0000-00-00 00:00:00', 0),
(76, 'Melakukan Pencacahan Survei Triwulanan Kegiatan Usaha (STKU)', 'II.B.2.a', 0.01, 'Responden', 3, '0000-00-00 00:00:00', 0, '0000-00-00 00:00:00', 0, '0000-00-00 00:00:00', 0),
(77, 'Melakukan Pencacahan Survei Restoran dan Obyek Wisata', 'II.B.2.b', 0.021, 'Responden', 3, '0000-00-00 00:00:00', 0, '0000-00-00 00:00:00', 0, '0000-00-00 00:00:00', 0),
(78, 'Melakukan Pengumpulan Data PDRB Lapangan Usaha', 'II.B.2.b', 0.021, 'Responden', 4, '0000-00-00 00:00:00', 0, '0000-00-00 00:00:00', 0, '0000-00-00 00:00:00', 0),
(79, 'Melakukan Perekrutan Petugas Pemetaan', 'II.A.4.a', 0.2, 'Kali', 5, '0000-00-00 00:00:00', 0, '0000-00-00 00:00:00', 0, '0000-00-00 00:00:00', 0),
(80, 'Melakukan Perekrutan Petugas SUPAS 2015', 'II.A.4.a', 0.2, 'Kali', 1, '0000-00-00 00:00:00', 0, '0000-00-00 00:00:00', 0, '0000-00-00 00:00:00', 0),
(81, 'Melakukan Perekrutan Petugas Survei Lahan', 'II.A.4.a', 0.2, 'Kali', 2, '0000-00-00 00:00:00', 0, '0000-00-00 00:00:00', 0, '0000-00-00 00:00:00', 0),
(82, 'Melakukan Pengumpulan Data PDRB Sektoral', 'II.B.2.b', 0.021, 'Responden', 4, '0000-00-00 00:00:00', 0, '0000-00-00 00:00:00', 0, '0000-00-00 00:00:00', 0),
(83, 'Melakukan Pengumpulan Data Survei Expor Impor', 'II.B.2.b', 0.021, 'Perusahaan', 3, '0000-00-00 00:00:00', 0, '0000-00-00 00:00:00', 0, '0000-00-00 00:00:00', 0),
(84, 'Melakukan Pengenalan Wilayah Blok Sensus Dalam Rangka Survei BAPOK', 'II.A.8.a', 0.03, 'Blok Sensus', 3, '0000-00-00 00:00:00', 0, '0000-00-00 00:00:00', 0, '0000-00-00 00:00:00', 0),
(85, 'Melakukan Listing Survei BAPOK', 'II.A.9.a', 0.001, 'Rumah Tangga', 3, '0000-00-00 00:00:00', 0, '0000-00-00 00:00:00', 0, '0000-00-00 00:00:00', 0),
(86, 'Mengikuti Briefing Survei BAPOK', 'II.A.6.a', 0.01, 'Jam', 3, '0000-00-00 00:00:00', 0, '0000-00-00 00:00:00', 0, '0000-00-00 00:00:00', 0),
(87, 'Mengikuti Briefing Survei Khusus Tabungan Investasi Rumah Tangga / SKTIR', 'II.A.6.a', 0.01, 'Jam', 4, '0000-00-00 00:00:00', 0, '0000-00-00 00:00:00', 0, '0000-00-00 00:00:00', 0),
(88, 'Melakukan Pencacahan Survei SKTIR', 'II.B.1.b', 0.011, 'Rumah Tangga', 4, '0000-00-00 00:00:00', 0, '0000-00-00 00:00:00', 0, '0000-00-00 00:00:00', 0),
(89, 'Mengikuti Pelatihan FKP PBDT 2015', 'II.A.6.a', 0.01, 'Jam', 1, '0000-00-00 00:00:00', 0, '0000-00-00 00:00:00', 0, '0000-00-00 00:00:00', 0),
(90, 'Melakukan FKP (Forum Konsultasi Publik) PBDT 2015', 'II.B.1.b', 0.011, 'Kali', 1, '0000-00-00 00:00:00', 0, '0000-00-00 00:00:00', 0, '0000-00-00 00:00:00', 0),
(91, 'Melakukan Pencacahan Survei SKLNPRT Tahunan', 'II.B.2.b', 0.021, 'Responden', 4, '0000-00-00 00:00:00', 0, '0000-00-00 00:00:00', 0, '0000-00-00 00:00:00', 0),
(92, 'Melakukan Pencacahan Survei Sembilan Bahan Pokok (BAPOK)', 'II.B.2.b', 0.021, 'Responden', 3, '0000-00-00 00:00:00', 0, '0000-00-00 00:00:00', 0, '0000-00-00 00:00:00', 0),
(93, 'Melakukan Pencacahan Survei Teknologi Informasi Komunikasi (TIK)', 'II.B.2.b', 0.021, 'Responden', 3, '0000-00-00 00:00:00', 0, '0000-00-00 00:00:00', 0, '0000-00-00 00:00:00', 0),
(94, 'Melakukan Perekrutan Petugas Pemutakhiran Basis Data Terpadu 2015', 'II.A.4.a', 0.2, 'Kali', 1, '0000-00-00 00:00:00', 0, '0000-00-00 00:00:00', 0, '0000-00-00 00:00:00', 0),
(95, 'Survei Tendensi Bisnis (STB) Triwulanan', 'II.B.2.b', 0.021, 'Perusahaan', 4, '0000-00-00 00:00:00', 0, '0000-00-00 00:00:00', 0, '0000-00-00 00:00:00', 0),
(96, 'Mengikuti Pelatihan Susenas Modul Pendidikan & Budaya 2015', 'II.A.6.a', 0.01, 'Jam', 1, '0000-00-00 00:00:00', 0, '0000-00-00 00:00:00', 0, '0000-00-00 00:00:00', 0),
(97, 'Melakukan Update EPT Estimasi Populasi Ternak', 'II.A.12.b', 0.004, 'Rumah Tangga', 2, '0000-00-00 00:00:00', 0, '0000-00-00 00:00:00', 0, '0000-00-00 00:00:00', 0),
(98, 'Melakukan Editing PBDT 2015', 'II.A.12.b', 0.004, 'Rumah Tangga', 1, '0000-00-00 00:00:00', 0, '0000-00-00 00:00:00', 0, '0000-00-00 00:00:00', 0),
(99, 'Melakukan Survei Matrik Arus Komoditas SMAK 2015', 'II.B.1.b', 0.011, 'Perusahaan', 4, '0000-00-00 00:00:00', 0, '0000-00-00 00:00:00', 0, '0000-00-00 00:00:00', 0),
(100, 'Melakukan Survei SKPS Jasa Lembaga Swasta', 'II.B.1.b', 0.011, 'Perusahaan', 4, '0000-00-00 00:00:00', 0, '0000-00-00 00:00:00', 0, '0000-00-00 00:00:00', 0),
(101, 'Mengikuti Pelatihan Survei Nilai Kebangsaan 2015', 'II.A.6.a', 0.01, 'Jam', 1, '0000-00-00 00:00:00', 0, '0000-00-00 00:00:00', 0, '0000-00-00 00:00:00', 0),
(102, 'Melakukan Pencacahan Survei Nilai Kebangsaan 2015', 'II.B.1.c', 0.027, 'Rumah Tangga', 1, '0000-00-00 00:00:00', 0, '0000-00-00 00:00:00', 0, '0000-00-00 00:00:00', 0),
(103, 'tes', 'II.A.12.b', 0.01, 'Rumah Tangga', 1, '2015-11-29 14:58:02', 40, '2015-11-29 14:58:40', 40, '2015-11-29 14:58:40', 40);

-- --------------------------------------------------------

--
-- Table structure for table `ref_pegawai`
--

CREATE TABLE IF NOT EXISTS `ref_pegawai` (
  `id` varchar(18) NOT NULL,
  `nama` varchar(50) NOT NULL,
  `pangkat` varchar(50) NOT NULL,
  `gol_ruang` varchar(50) NOT NULL,
  `jabatan` varchar(50) NOT NULL,
  `unit_kerja` varchar(50) NOT NULL,
  `created` datetime NOT NULL,
  `createdBy` int(11) NOT NULL,
  `modified` datetime NOT NULL,
  `modifiedBy` int(11) NOT NULL,
  `deleted` datetime NOT NULL,
  `deletedBy` int(11) NOT NULL,
  PRIMARY KEY (`id`),
  UNIQUE KEY `nip` (`id`)
) ENGINE=InnoDB DEFAULT CHARSET=latin1;

--
-- Dumping data for table `ref_pegawai`
--

INSERT INTO `ref_pegawai` (`id`, `nama`, `pangkat`, `gol_ruang`, `jabatan`, `unit_kerja`, `created`, `createdBy`, `modified`, `modifiedBy`, `deleted`, `deletedBy`) VALUES
('121212', 'tes ku', 'Penata Muda TK I', 'II d', 'KSK', 'BPS Kabupaten Gresik', '2015-11-25 15:35:44', 0, '2015-11-25 15:36:54', 0, '2015-11-25 15:36:54', 0),
('195901261981011001', 'Yuswoyo Mulyo Diantoro', 'Penata TK I', 'III d', 'KSK', 'BPS Kabupaten Gresik', '0000-00-00 00:00:00', 0, '0000-00-00 00:00:00', 0, '0000-00-00 00:00:00', 0),
('195905191981011001', 'Sulikan, SH', 'Penata TK I', 'III d', 'KSK', 'BPS Kabupaten Gresik', '0000-00-00 00:00:00', 0, '0000-00-00 00:00:00', 0, '0000-00-00 00:00:00', 0),
('196003011982021001', 'Suwoto', 'Penata TK I', 'III d', 'KSK', 'BPS Kabupaten Gresik', '0000-00-00 00:00:00', 0, '0000-00-00 00:00:00', 0, '0000-00-00 00:00:00', 0),
('196102061982021001', 'Sriyono', 'Penata TK I', 'III d', 'KSK', 'BPS Kabupaten Gresik', '0000-00-00 00:00:00', 0, '0000-00-00 00:00:00', 0, '0000-00-00 00:00:00', 0),
('197012152006041010', 'Jumariyono', 'Pengatur', 'II c', 'KSK', 'BPS Kabupaten Gresik', '0000-00-00 00:00:00', 0, '0000-00-00 00:00:00', 0, '0000-00-00 00:00:00', 0),
('197204212006041018', 'Fakhrudin Mawardi', 'Pengatur', 'II c', 'KSK', 'BPS Kabupaten Gresik', '0000-00-00 00:00:00', 0, '0000-00-00 00:00:00', 0, '0000-00-00 00:00:00', 0),
('197205052001121003', 'Supandi', 'Penata Muda TK I', 'III b', 'KSK', 'BPS Kabupaten Gresik', '0000-00-00 00:00:00', 0, '0000-00-00 00:00:00', 0, '0000-00-00 00:00:00', 0),
('197812202008011007', 'Agung Samsri HAndoko, A.P.', 'Pengatur Muda TK I', 'II b', 'KSK', 'BPS Kabupaten Gresik', '0000-00-00 00:00:00', 0, '0000-00-00 00:00:00', 0, '0000-00-00 00:00:00', 0),
('198105152007011002', 'DWI HERY SETYAWAN', 'Pengatur Muda TK I', 'II b', 'KSK', 'BPS Kabupaten Gresik', '0000-00-00 00:00:00', 0, '0000-00-00 00:00:00', 0, '0000-00-00 00:00:00', 0),
('198401262009111001', 'Yanuar Teguh Imannudin', 'Pengatur Muda TK I', 'II b', 'KSK', 'BPS Kabupaten Gresik', '0000-00-00 00:00:00', 0, '0000-00-00 00:00:00', 0, '0000-00-00 00:00:00', 0),
('198607102006041002', 'Budi Eko Prasetyo', 'Pengatur', 'II c', 'KSK', 'BPS Kabupaten Gresik', '0000-00-00 00:00:00', 0, '0000-00-00 00:00:00', 0, '0000-00-00 00:00:00', 0),
('198806142012121002', 'Muhammad Sayyidin Syadad, A.md.', 'Pengatur', 'II c', 'KSK', 'BPS Kabupaten Gresik', '0000-00-00 00:00:00', 0, '0000-00-00 00:00:00', 0, '0000-00-00 00:00:00', 0);

-- --------------------------------------------------------

--
-- Table structure for table `skp`
--

CREATE TABLE IF NOT EXISTS `skp` (
  `id` int(11) NOT NULL AUTO_INCREMENT,
  `ak` float NOT NULL,
  `kuantitas` int(11) NOT NULL,
  `output` varchar(50) NOT NULL,
  `kualitas` float NOT NULL,
  `waktu` int(11) NOT NULL,
  `satuan_waktu` varchar(50) NOT NULL,
  `id_kegiatan` int(11) NOT NULL,
  `id_pegawai` varchar(18) NOT NULL,
  `id_konfirmasi` varchar(100) NOT NULL,
  `created` datetime NOT NULL,
  `createdBy` int(11) NOT NULL,
  `modified` datetime NOT NULL,
  `modifiedBy` int(11) NOT NULL,
  `deleted` datetime NOT NULL,
  `deletedBy` int(11) NOT NULL,
  PRIMARY KEY (`id`),
  UNIQUE KEY `id` (`id`)
) ENGINE=InnoDB  DEFAULT CHARSET=latin1 AUTO_INCREMENT=156 ;

--
-- Dumping data for table `skp`
--

INSERT INTO `skp` (`id`, `ak`, `kuantitas`, `output`, `kualitas`, `waktu`, `satuan_waktu`, `id_kegiatan`, `id_pegawai`, `id_konfirmasi`, `created`, `createdBy`, `modified`, `modifiedBy`, `deleted`, `deletedBy`) VALUES
(11, 0, 6, '', 100, 1, 'Minggu', 46, '198401262009111001', 'yanuar2014', '0000-00-00 00:00:00', 0, '0000-00-00 00:00:00', 0, '0000-00-00 00:00:00', 0),
(12, 0, 4, '', 100, 1, 'Hari', 4, '198401262009111001', 'yanuar2015', '0000-00-00 00:00:00', 0, '0000-00-00 00:00:00', 0, '0000-00-00 00:00:00', 0),
(13, 0, 2, '', 100, 2, 'Hari', 5, '198401262009111001', 'yanuar2015', '0000-00-00 00:00:00', 0, '0000-00-00 00:00:00', 0, '0000-00-00 00:00:00', 0),
(14, 0, 236, '', 100, 2, 'Minggu', 6, '198401262009111001', 'yanuar2015', '0000-00-00 00:00:00', 0, '0000-00-00 00:00:00', 0, '0000-00-00 00:00:00', 0),
(15, 0, 20, '', 100, 2, 'Minggu', 7, '198401262009111001', 'yanuar2015', '0000-00-00 00:00:00', 0, '0000-00-00 00:00:00', 0, '0000-00-00 00:00:00', 0),
(16, 0, 4, '', 100, 1, 'Hari', 8, '198401262009111001', 'yanuar2015', '0000-00-00 00:00:00', 0, '0000-00-00 00:00:00', 0, '0000-00-00 00:00:00', 0),
(17, 0, 2, '', 100, 2, 'Hari', 9, '198401262009111001', 'yanuar2015', '0000-00-00 00:00:00', 0, '0000-00-00 00:00:00', 0, '0000-00-00 00:00:00', 0),
(18, 0, 227, '', 100, 1, 'Minggu', 10, '198401262009111001', 'yanuar2015', '0000-00-00 00:00:00', 0, '0000-00-00 00:00:00', 0, '0000-00-00 00:00:00', 0),
(19, 0, 20, '', 100, 2, 'Minggu', 11, '198401262009111001', 'yanuar2015', '0000-00-00 00:00:00', 0, '0000-00-00 00:00:00', 0, '0000-00-00 00:00:00', 0),
(20, 0, 4, '', 100, 1, 'Hari', 12, '198401262009111001', 'yanuar2015', '0000-00-00 00:00:00', 0, '0000-00-00 00:00:00', 0, '0000-00-00 00:00:00', 0),
(21, 0, 2, '', 100, 2, 'Hari', 13, '198401262009111001', 'yanuar2015', '0000-00-00 00:00:00', 0, '0000-00-00 00:00:00', 0, '0000-00-00 00:00:00', 0),
(22, 0, 227, '', 100, 1, 'Minggu', 14, '198401262009111001', 'yanuar2015', '0000-00-00 00:00:00', 0, '0000-00-00 00:00:00', 0, '0000-00-00 00:00:00', 0),
(23, 0, 20, '', 100, 3, 'Minggu', 15, '198401262009111001', 'yanuar2015', '0000-00-00 00:00:00', 0, '0000-00-00 00:00:00', 0, '0000-00-00 00:00:00', 0),
(24, 0, 20, '', 100, 3, 'Minggu', 16, '198401262009111001', 'yanuar2015', '0000-00-00 00:00:00', 0, '0000-00-00 00:00:00', 0, '0000-00-00 00:00:00', 0),
(25, 0, 4, '', 100, 1, 'Hari', 17, '198401262009111001', 'yanuar2015', '0000-00-00 00:00:00', 0, '0000-00-00 00:00:00', 0, '0000-00-00 00:00:00', 0),
(26, 0, 1, '', 100, 1, 'Hari', 18, '198401262009111001', 'yanuar2015', '0000-00-00 00:00:00', 0, '0000-00-00 00:00:00', 0, '0000-00-00 00:00:00', 0),
(27, 0, 150, '', 100, 1, 'Minggu', 19, '198401262009111001', 'yanuar2015', '0000-00-00 00:00:00', 0, '0000-00-00 00:00:00', 0, '0000-00-00 00:00:00', 0),
(28, 0, 10, '', 100, 3, 'Minggu', 20, '198401262009111001', 'yanuar2015', '0000-00-00 00:00:00', 0, '0000-00-00 00:00:00', 0, '0000-00-00 00:00:00', 0),
(29, 0, 10, '', 100, 3, 'Minggu', 21, '198401262009111001', 'yanuar2015', '0000-00-00 00:00:00', 0, '0000-00-00 00:00:00', 0, '0000-00-00 00:00:00', 0),
(30, 0, 144, '', 100, 12, 'Minggu', 24, '198401262009111001', 'yanuar2015', '0000-00-00 00:00:00', 0, '0000-00-00 00:00:00', 0, '0000-00-00 00:00:00', 0),
(31, 0, 2, '', 100, 1, 'Bulan', 26, '198401262009111001', 'yanuar2015', '0000-00-00 00:00:00', 0, '0000-00-00 00:00:00', 0, '0000-00-00 00:00:00', 0),
(32, 0, 36, '', 100, 12, 'Minggu', 22, '198401262009111001', 'yanuar2015', '0000-00-00 00:00:00', 0, '0000-00-00 00:00:00', 0, '0000-00-00 00:00:00', 0),
(33, 0, 24, '', 100, 12, 'Minggu', 75, '198401262009111001', 'yanuar2015', '0000-00-00 00:00:00', 0, '0000-00-00 00:00:00', 0, '0000-00-00 00:00:00', 0),
(34, 0, 1, '', 100, 1, 'Bulan', 27, '198401262009111001', 'yanuar2015', '0000-00-00 00:00:00', 0, '0000-00-00 00:00:00', 0, '0000-00-00 00:00:00', 0),
(35, 0, 72, '', 100, 12, 'Minggu', 23, '198401262009111001', 'yanuar2015', '0000-00-00 00:00:00', 0, '0000-00-00 00:00:00', 0, '0000-00-00 00:00:00', 0),
(36, 0, 4, '', 100, 1, 'Hari', 28, '198401262009111001', 'yanuar2015', '0000-00-00 00:00:00', 0, '0000-00-00 00:00:00', 0, '0000-00-00 00:00:00', 0),
(37, 0, 8, '', 100, 8, 'Hari', 29, '198401262009111001', 'yanuar2015', '0000-00-00 00:00:00', 0, '0000-00-00 00:00:00', 0, '0000-00-00 00:00:00', 0),
(38, 0, 724, '', 100, 6, 'Minggu', 30, '198401262009111001', 'yanuar2015', '0000-00-00 00:00:00', 0, '0000-00-00 00:00:00', 0, '0000-00-00 00:00:00', 0),
(39, 0, 20, '', 100, 12, 'Bulan', 31, '198401262009111001', 'yanuar2015', '0000-00-00 00:00:00', 0, '0000-00-00 00:00:00', 0, '0000-00-00 00:00:00', 0),
(40, 0, 2, '', 100, 1, 'Minggu', 34, '198401262009111001', 'yanuar2015', '0000-00-00 00:00:00', 0, '0000-00-00 00:00:00', 0, '0000-00-00 00:00:00', 0),
(41, 0, 1, '', 100, 2, 'Minggu', 35, '198401262009111001', 'yanuar2015', '0000-00-00 00:00:00', 0, '0000-00-00 00:00:00', 0, '0000-00-00 00:00:00', 0),
(42, 0, 8, '', 100, 3, 'Minggu', 36, '198401262009111001', 'yanuar2015', '0000-00-00 00:00:00', 0, '0000-00-00 00:00:00', 0, '0000-00-00 00:00:00', 0),
(43, 0, 31, '', 100, 2, 'Bulan', 37, '198401262009111001', 'yanuar2015', '0000-00-00 00:00:00', 0, '0000-00-00 00:00:00', 0, '0000-00-00 00:00:00', 0),
(44, 0, 7, '', 100, 2, 'Bulan', 38, '198401262009111001', 'yanuar2015', '0000-00-00 00:00:00', 0, '0000-00-00 00:00:00', 0, '0000-00-00 00:00:00', 0),
(45, 0, 4, '', 100, 2, 'Bulan', 39, '198401262009111001', 'yanuar2015', '0000-00-00 00:00:00', 0, '0000-00-00 00:00:00', 0, '0000-00-00 00:00:00', 0),
(46, 0, 4, '', 100, 2, 'Bulan', 40, '198401262009111001', 'yanuar2015', '0000-00-00 00:00:00', 0, '0000-00-00 00:00:00', 0, '0000-00-00 00:00:00', 0),
(47, 0, 7, '', 100, 2, 'Bulan', 41, '198401262009111001', 'yanuar2015', '0000-00-00 00:00:00', 0, '0000-00-00 00:00:00', 0, '0000-00-00 00:00:00', 0),
(48, 0, 37, '', 100, 8, 'Bulan', 42, '198401262009111001', 'yanuar2015', '0000-00-00 00:00:00', 0, '0000-00-00 00:00:00', 0, '0000-00-00 00:00:00', 0),
(49, 0, 60, '', 100, 24, 'Minggu', 43, '198401262009111001', 'yanuar2015', '0000-00-00 00:00:00', 0, '0000-00-00 00:00:00', 0, '0000-00-00 00:00:00', 0),
(50, 0, 2, '', 100, 2, 'Hari', 44, '198401262009111001', 'yanuar2015', '0000-00-00 00:00:00', 0, '0000-00-00 00:00:00', 0, '0000-00-00 00:00:00', 0),
(51, 0, 427, '', 100, 3, 'Minggu', 45, '198401262009111001', 'yanuar2015', '0000-00-00 00:00:00', 0, '0000-00-00 00:00:00', 0, '0000-00-00 00:00:00', 0),
(52, 0, 24, '', 100, 8, 'Minggu', 46, '198401262009111001', 'yanuar2015', '0000-00-00 00:00:00', 0, '0000-00-00 00:00:00', 0, '0000-00-00 00:00:00', 0),
(53, 0, 2, '', 100, 2, 'Hari', 47, '198401262009111001', 'yanuar2015', '0000-00-00 00:00:00', 0, '0000-00-00 00:00:00', 0, '0000-00-00 00:00:00', 0),
(54, 0, 218, '', 100, 3, 'Minggu', 48, '198401262009111001', 'yanuar2015', '0000-00-00 00:00:00', 0, '0000-00-00 00:00:00', 0, '0000-00-00 00:00:00', 0),
(55, 0, 12, '', 100, 2, 'Minggu', 49, '198401262009111001', 'yanuar2015', '0000-00-00 00:00:00', 0, '0000-00-00 00:00:00', 0, '0000-00-00 00:00:00', 0),
(56, 0, 8, '', 100, 8, 'Hari', 50, '198401262009111001', 'yanuar2015', '0000-00-00 00:00:00', 0, '0000-00-00 00:00:00', 0, '0000-00-00 00:00:00', 0),
(57, 0, 810, '', 100, 3, 'Minggu', 51, '198401262009111001', 'yanuar2015', '0000-00-00 00:00:00', 0, '0000-00-00 00:00:00', 0, '0000-00-00 00:00:00', 0),
(58, 0, 80, '', 100, 1, 'Bulan', 52, '198401262009111001', 'yanuar2015', '0000-00-00 00:00:00', 0, '0000-00-00 00:00:00', 0, '0000-00-00 00:00:00', 0),
(59, 0, 12, '', 100, 12, 'Minggu', 53, '198401262009111001', 'yanuar2015', '0000-00-00 00:00:00', 0, '0000-00-00 00:00:00', 0, '0000-00-00 00:00:00', 0),
(60, 0, 12, '', 100, 12, 'Minggu', 54, '198401262009111001', 'yanuar2015', '0000-00-00 00:00:00', 0, '0000-00-00 00:00:00', 0, '0000-00-00 00:00:00', 0),
(61, 0, 1, '', 100, 1, 'Minggu', 55, '198401262009111001', 'yanuar2015', '0000-00-00 00:00:00', 0, '0000-00-00 00:00:00', 0, '0000-00-00 00:00:00', 0),
(62, 0, 1, '', 100, 1, 'Minggu', 56, '198401262009111001', 'yanuar2015', '0000-00-00 00:00:00', 0, '0000-00-00 00:00:00', 0, '0000-00-00 00:00:00', 0),
(63, 0, 1, '', 100, 1, 'Minggu', 57, '198401262009111001', 'yanuar2015', '0000-00-00 00:00:00', 0, '0000-00-00 00:00:00', 0, '0000-00-00 00:00:00', 0),
(64, 0, 12, '', 100, 12, 'Minggu', 58, '198401262009111001', 'yanuar2015', '0000-00-00 00:00:00', 0, '0000-00-00 00:00:00', 0, '0000-00-00 00:00:00', 0),
(65, 0, 4, '', 100, 4, 'Minggu', 59, '198401262009111001', 'yanuar2015', '0000-00-00 00:00:00', 0, '0000-00-00 00:00:00', 0, '0000-00-00 00:00:00', 0),
(66, 0, 4, '', 100, 4, 'Minggu', 60, '198401262009111001', 'yanuar2015', '0000-00-00 00:00:00', 0, '0000-00-00 00:00:00', 0, '0000-00-00 00:00:00', 0),
(67, 0, 4, '', 100, 4, 'Minggu', 61, '198401262009111001', 'yanuar2015', '0000-00-00 00:00:00', 0, '0000-00-00 00:00:00', 0, '0000-00-00 00:00:00', 0),
(68, 0, 1, '', 100, 1, 'Minggu', 62, '198401262009111001', 'yanuar2015', '0000-00-00 00:00:00', 0, '0000-00-00 00:00:00', 0, '0000-00-00 00:00:00', 0),
(69, 0, 1, '', 100, 1, 'Minggu', 63, '198401262009111001', 'yanuar2015', '0000-00-00 00:00:00', 0, '0000-00-00 00:00:00', 0, '0000-00-00 00:00:00', 0),
(70, 0, 12, '', 100, 8, 'Minggu', 64, '198401262009111001', 'yanuar2015', '0000-00-00 00:00:00', 0, '0000-00-00 00:00:00', 0, '0000-00-00 00:00:00', 0),
(71, 0, 8, '', 100, 8, 'Minggu', 65, '198401262009111001', 'yanuar2015', '0000-00-00 00:00:00', 0, '0000-00-00 00:00:00', 0, '0000-00-00 00:00:00', 0),
(72, 0, 1, '', 100, 2, 'Minggu', 73, '198401262009111001', 'yanuar2015', '0000-00-00 00:00:00', 0, '0000-00-00 00:00:00', 0, '0000-00-00 00:00:00', 0),
(73, 0, 1, '', 100, 1, 'Bulan', 66, '198401262009111001', 'yanuar2015', '0000-00-00 00:00:00', 0, '0000-00-00 00:00:00', 0, '0000-00-00 00:00:00', 0),
(74, 0, 4, '', 100, 8, 'Minggu', 74, '198401262009111001', 'yanuar2015', '0000-00-00 00:00:00', 0, '0000-00-00 00:00:00', 0, '0000-00-00 00:00:00', 0),
(75, 0, 52, '', 100, 4, 'Bulan', 67, '198401262009111001', 'yanuar2015', '0000-00-00 00:00:00', 0, '0000-00-00 00:00:00', 0, '0000-00-00 00:00:00', 0),
(76, 0, 52, '', 100, 2, 'Minggu', 68, '198401262009111001', 'yanuar2015', '0000-00-00 00:00:00', 0, '0000-00-00 00:00:00', 0, '0000-00-00 00:00:00', 0),
(77, 0, 52, '', 100, 2, 'Minggu', 69, '198401262009111001', 'yanuar2015', '0000-00-00 00:00:00', 0, '0000-00-00 00:00:00', 0, '0000-00-00 00:00:00', 0),
(78, 0, 1, '', 100, 1, 'Bulan', 70, '198401262009111001', 'yanuar2015', '0000-00-00 00:00:00', 0, '0000-00-00 00:00:00', 0, '0000-00-00 00:00:00', 0),
(79, 0, 20, '', 100, 3, 'Minggu', 7, '198401262009111001', 'yanuar2014', '0000-00-00 00:00:00', 0, '0000-00-00 00:00:00', 0, '0000-00-00 00:00:00', 0),
(80, 0, 4, '', 100, 1, 'Hari', 12, '198401262009111001', 'yanuar2014', '0000-00-00 00:00:00', 0, '0000-00-00 00:00:00', 0, '0000-00-00 00:00:00', 0),
(81, 0, 4, '', 100, 1, 'Hari', 4, '197205052001121003', 'supandi2015', '0000-00-00 00:00:00', 0, '0000-00-00 00:00:00', 0, '0000-00-00 00:00:00', 0),
(82, 0, 2, '', 100, 2, 'Hari', 5, '197205052001121003', 'supandi2015', '0000-00-00 00:00:00', 0, '0000-00-00 00:00:00', 0, '0000-00-00 00:00:00', 0),
(83, 0, 200, '', 100, 2, 'Minggu', 6, '197205052001121003', 'supandi2015', '0000-00-00 00:00:00', 0, '0000-00-00 00:00:00', 0, '0000-00-00 00:00:00', 0),
(84, 0, 20, '', 100, 2, 'Minggu', 7, '197205052001121003', 'supandi2015', '0000-00-00 00:00:00', 0, '0000-00-00 00:00:00', 0, '0000-00-00 00:00:00', 0),
(85, 0, 4, '', 100, 1, 'Hari', 8, '197205052001121003', 'supandi2015', '0000-00-00 00:00:00', 0, '0000-00-00 00:00:00', 0, '0000-00-00 00:00:00', 0),
(86, 0, 2, '', 100, 2, 'Hari', 9, '197205052001121003', 'supandi2015', '0000-00-00 00:00:00', 0, '0000-00-00 00:00:00', 0, '0000-00-00 00:00:00', 0),
(87, 0, 210, '', 100, 1, 'Minggu', 10, '197205052001121003', 'supandi2015', '0000-00-00 00:00:00', 0, '0000-00-00 00:00:00', 0, '0000-00-00 00:00:00', 0),
(88, 0, 20, '', 100, 2, 'Minggu', 11, '197205052001121003', 'supandi2015', '0000-00-00 00:00:00', 0, '0000-00-00 00:00:00', 0, '0000-00-00 00:00:00', 0),
(89, 0, 4, '', 100, 1, 'Hari', 12, '197205052001121003', 'supandi2015', '0000-00-00 00:00:00', 0, '0000-00-00 00:00:00', 0, '0000-00-00 00:00:00', 0),
(90, 0, 2, '', 100, 2, 'Hari', 13, '197205052001121003', 'supandi2015', '0000-00-00 00:00:00', 0, '0000-00-00 00:00:00', 0, '0000-00-00 00:00:00', 0),
(91, 0, 218, '', 100, 1, 'Minggu', 14, '197205052001121003', 'supandi2015', '0000-00-00 00:00:00', 0, '0000-00-00 00:00:00', 0, '0000-00-00 00:00:00', 0),
(92, 0, 20, '', 100, 3, 'Minggu', 15, '197205052001121003', 'supandi2015', '0000-00-00 00:00:00', 0, '0000-00-00 00:00:00', 0, '0000-00-00 00:00:00', 0),
(93, 0, 20, '', 100, 3, 'Minggu', 16, '197205052001121003', 'supandi2015', '0000-00-00 00:00:00', 0, '0000-00-00 00:00:00', 0, '0000-00-00 00:00:00', 0),
(94, 0, 4, '', 100, 1, 'Hari', 17, '197205052001121003', 'supandi2015', '0000-00-00 00:00:00', 0, '0000-00-00 00:00:00', 0, '0000-00-00 00:00:00', 0),
(95, 0, 1, '', 100, 1, 'Hari', 18, '197205052001121003', 'supandi2015', '0000-00-00 00:00:00', 0, '0000-00-00 00:00:00', 0, '0000-00-00 00:00:00', 0),
(96, 0, 11, '', 100, 1, 'Minggu', 19, '197205052001121003', 'supandi2015', '0000-00-00 00:00:00', 0, '0000-00-00 00:00:00', 0, '0000-00-00 00:00:00', 0),
(97, 0, 10, '', 100, 3, 'Minggu', 20, '197205052001121003', 'supandi2015', '0000-00-00 00:00:00', 0, '0000-00-00 00:00:00', 0, '0000-00-00 00:00:00', 0),
(98, 0, 10, '', 100, 3, 'Minggu', 21, '197205052001121003', 'supandi2015', '0000-00-00 00:00:00', 0, '0000-00-00 00:00:00', 0, '0000-00-00 00:00:00', 0),
(99, 0, 108, '', 100, 12, 'Minggu', 24, '197205052001121003', 'supandi2015', '0000-00-00 00:00:00', 0, '0000-00-00 00:00:00', 0, '0000-00-00 00:00:00', 0),
(100, 0, 2, '', 100, 1, 'Bulan', 26, '197205052001121003', 'supandi2015', '0000-00-00 00:00:00', 0, '0000-00-00 00:00:00', 0, '0000-00-00 00:00:00', 0),
(101, 0, 12, '', 100, 12, 'Minggu', 22, '197205052001121003', 'supandi2015', '0000-00-00 00:00:00', 0, '0000-00-00 00:00:00', 0, '0000-00-00 00:00:00', 0),
(102, 0, 36, '', 100, 12, 'Minggu', 75, '197205052001121003', 'supandi2015', '0000-00-00 00:00:00', 0, '0000-00-00 00:00:00', 0, '0000-00-00 00:00:00', 0),
(103, 0, 1, '', 100, 1, 'Bulan', 27, '197205052001121003', 'supandi2015', '0000-00-00 00:00:00', 0, '0000-00-00 00:00:00', 0, '0000-00-00 00:00:00', 0),
(104, 0, 12, '', 100, 12, 'Minggu', 23, '197205052001121003', 'supandi2015', '0000-00-00 00:00:00', 0, '0000-00-00 00:00:00', 0, '0000-00-00 00:00:00', 0),
(105, 0, 4, '', 100, 1, 'Hari', 28, '197205052001121003', 'supandi2015', '0000-00-00 00:00:00', 0, '0000-00-00 00:00:00', 0, '0000-00-00 00:00:00', 0),
(106, 0, 8, '', 100, 8, 'Hari', 29, '197205052001121003', 'supandi2015', '0000-00-00 00:00:00', 0, '0000-00-00 00:00:00', 0, '0000-00-00 00:00:00', 0),
(107, 0, 820, '', 100, 6, 'Minggu', 30, '197205052001121003', 'supandi2015', '0000-00-00 00:00:00', 0, '0000-00-00 00:00:00', 0, '0000-00-00 00:00:00', 0),
(108, 0, 21, '', 100, 12, 'Bulan', 31, '197205052001121003', 'supandi2015', '0000-00-00 00:00:00', 0, '0000-00-00 00:00:00', 0, '0000-00-00 00:00:00', 0),
(109, 0, 2, '', 100, 1, 'Minggu', 34, '197205052001121003', 'supandi2015', '0000-00-00 00:00:00', 0, '0000-00-00 00:00:00', 0, '0000-00-00 00:00:00', 0),
(110, 0, 1, '', 100, 2, 'Minggu', 35, '197205052001121003', 'supandi2015', '0000-00-00 00:00:00', 0, '0000-00-00 00:00:00', 0, '0000-00-00 00:00:00', 0),
(111, 0, 8, '', 100, 3, 'Minggu', 36, '197205052001121003', 'supandi2015', '0000-00-00 00:00:00', 0, '0000-00-00 00:00:00', 0, '0000-00-00 00:00:00', 0),
(112, 0, 31, '', 100, 2, 'Bulan', 37, '197205052001121003', 'supandi2015', '0000-00-00 00:00:00', 0, '0000-00-00 00:00:00', 0, '0000-00-00 00:00:00', 0),
(113, 0, 7, '', 100, 2, 'Bulan', 38, '197205052001121003', 'supandi2015', '0000-00-00 00:00:00', 0, '0000-00-00 00:00:00', 0, '0000-00-00 00:00:00', 0),
(114, 0, 4, '', 100, 2, 'Bulan', 39, '197205052001121003', 'supandi2015', '0000-00-00 00:00:00', 0, '0000-00-00 00:00:00', 0, '0000-00-00 00:00:00', 0),
(115, 0, 4, '', 100, 2, 'Bulan', 40, '197205052001121003', 'supandi2015', '0000-00-00 00:00:00', 0, '0000-00-00 00:00:00', 0, '0000-00-00 00:00:00', 0),
(116, 0, 7, '', 100, 2, 'Bulan', 41, '197205052001121003', 'supandi2015', '0000-00-00 00:00:00', 0, '0000-00-00 00:00:00', 0, '0000-00-00 00:00:00', 0),
(117, 0, 37, '', 100, 8, 'Bulan', 42, '197205052001121003', 'supandi2015', '0000-00-00 00:00:00', 0, '0000-00-00 00:00:00', 0, '0000-00-00 00:00:00', 0),
(118, 0, 36, '', 100, 24, 'Minggu', 43, '197205052001121003', 'supandi2015', '0000-00-00 00:00:00', 0, '0000-00-00 00:00:00', 0, '0000-00-00 00:00:00', 0),
(119, 0, 2, '', 100, 2, 'Hari', 44, '197205052001121003', 'supandi2015', '0000-00-00 00:00:00', 0, '0000-00-00 00:00:00', 0, '0000-00-00 00:00:00', 0),
(120, 0, 320, '', 100, 3, 'Minggu', 45, '197205052001121003', 'supandi2015', '0000-00-00 00:00:00', 0, '0000-00-00 00:00:00', 0, '0000-00-00 00:00:00', 0),
(121, 0, 24, '', 100, 8, 'Minggu', 46, '197205052001121003', 'supandi2015', '0000-00-00 00:00:00', 0, '0000-00-00 00:00:00', 0, '0000-00-00 00:00:00', 0),
(122, 0, 2, '', 100, 2, 'Hari', 47, '197205052001121003', 'supandi2015', '0000-00-00 00:00:00', 0, '0000-00-00 00:00:00', 0, '0000-00-00 00:00:00', 0),
(123, 0, 252, '', 100, 3, 'Minggu', 48, '197205052001121003', 'supandi2015', '0000-00-00 00:00:00', 0, '0000-00-00 00:00:00', 0, '0000-00-00 00:00:00', 0),
(124, 0, 12, '', 100, 2, 'Minggu', 49, '197205052001121003', 'supandi2015', '0000-00-00 00:00:00', 0, '0000-00-00 00:00:00', 0, '0000-00-00 00:00:00', 0),
(125, 0, 8, '', 100, 8, 'Hari', 50, '197205052001121003', 'supandi2015', '0000-00-00 00:00:00', 0, '0000-00-00 00:00:00', 0, '0000-00-00 00:00:00', 0),
(126, 0, 720, '', 100, 3, 'Minggu', 51, '197205052001121003', 'supandi2015', '0000-00-00 00:00:00', 0, '0000-00-00 00:00:00', 0, '0000-00-00 00:00:00', 0),
(128, 0, 80, '', 100, 1, 'Bulan', 52, '197205052001121003', 'supandi2015', '0000-00-00 00:00:00', 0, '0000-00-00 00:00:00', 0, '0000-00-00 00:00:00', 0),
(129, 0, 12, '', 100, 12, 'Minggu', 53, '197205052001121003', 'supandi2015', '0000-00-00 00:00:00', 0, '0000-00-00 00:00:00', 0, '0000-00-00 00:00:00', 0),
(130, 0, 12, '', 100, 12, 'Minggu', 54, '197205052001121003', 'supandi2015', '0000-00-00 00:00:00', 0, '0000-00-00 00:00:00', 0, '0000-00-00 00:00:00', 0),
(131, 0, 1, '', 100, 1, 'Minggu', 55, '197205052001121003', 'supandi2015', '0000-00-00 00:00:00', 0, '0000-00-00 00:00:00', 0, '0000-00-00 00:00:00', 0),
(132, 0, 1, '', 100, 1, 'Minggu', 56, '197205052001121003', 'supandi2015', '0000-00-00 00:00:00', 0, '0000-00-00 00:00:00', 0, '0000-00-00 00:00:00', 0),
(133, 0, 1, '', 100, 1, 'Minggu', 57, '197205052001121003', 'supandi2015', '0000-00-00 00:00:00', 0, '0000-00-00 00:00:00', 0, '0000-00-00 00:00:00', 0),
(134, 0, 12, '', 100, 12, 'Minggu', 58, '197205052001121003', 'supandi2015', '0000-00-00 00:00:00', 0, '0000-00-00 00:00:00', 0, '0000-00-00 00:00:00', 0),
(135, 0, 4, '', 100, 4, 'Minggu', 59, '197205052001121003', 'supandi2015', '0000-00-00 00:00:00', 0, '0000-00-00 00:00:00', 0, '0000-00-00 00:00:00', 0),
(136, 0, 4, '', 100, 4, 'Minggu', 60, '197205052001121003', 'supandi2015', '0000-00-00 00:00:00', 0, '0000-00-00 00:00:00', 0, '0000-00-00 00:00:00', 0),
(137, 0, 4, '', 100, 4, 'Minggu', 61, '197205052001121003', 'supandi2015', '0000-00-00 00:00:00', 0, '0000-00-00 00:00:00', 0, '0000-00-00 00:00:00', 0),
(138, 0, 1, '', 100, 1, 'Minggu', 62, '197205052001121003', 'supandi2015', '0000-00-00 00:00:00', 0, '0000-00-00 00:00:00', 0, '0000-00-00 00:00:00', 0),
(139, 0, 1, '', 100, 1, 'Minggu', 63, '197205052001121003', 'supandi2015', '0000-00-00 00:00:00', 0, '0000-00-00 00:00:00', 0, '0000-00-00 00:00:00', 0),
(140, 0, 2, '', 100, 2, 'Minggu', 73, '197205052001121003', 'supandi2015', '0000-00-00 00:00:00', 0, '0000-00-00 00:00:00', 0, '0000-00-00 00:00:00', 0),
(141, 0, 4, '', 100, 4, 'Minggu', 71, '197205052001121003', 'supandi2015', '0000-00-00 00:00:00', 0, '0000-00-00 00:00:00', 0, '0000-00-00 00:00:00', 0),
(142, 0, 3, '', 100, 3, 'Minggu', 78, '197205052001121003', 'supandi2015', '0000-00-00 00:00:00', 0, '0000-00-00 00:00:00', 0, '0000-00-00 00:00:00', 0),
(143, 0, 1, '', 100, 1, 'Bulan', 66, '197205052001121003', 'supandi2015', '0000-00-00 00:00:00', 0, '0000-00-00 00:00:00', 0, '0000-00-00 00:00:00', 0),
(144, 0, 52, '', 100, 4, 'Bulan', 67, '197205052001121003', 'supandi2015', '0000-00-00 00:00:00', 0, '0000-00-00 00:00:00', 0, '0000-00-00 00:00:00', 0),
(145, 0, 52, '', 100, 2, 'Minggu', 68, '197205052001121003', 'supandi2015', '0000-00-00 00:00:00', 0, '0000-00-00 00:00:00', 0, '0000-00-00 00:00:00', 0),
(146, 0, 52, '', 100, 2, 'Minggu', 69, '197205052001121003', 'supandi2015', '0000-00-00 00:00:00', 0, '0000-00-00 00:00:00', 0, '0000-00-00 00:00:00', 0),
(147, 0, 1, '', 100, 1, 'Bulan', 70, '197205052001121003', 'supandi2015', '0000-00-00 00:00:00', 0, '0000-00-00 00:00:00', 0, '0000-00-00 00:00:00', 0),
(148, 0, 4, '', 100, 4, 'Hari', 8, '198401262009111001', 'yanuar2014', '0000-00-00 00:00:00', 0, '0000-00-00 00:00:00', 0, '0000-00-00 00:00:00', 0),
(149, 0, 4, '', 100, 4, 'Hari', 12, '198401262009111001', 'yanuar2014', '0000-00-00 00:00:00', 0, '0000-00-00 00:00:00', 0, '0000-00-00 00:00:00', 0),
(150, 0, 1, '', 100, 1, 'Minggu', 13, '198401262009111001', 'yanuar2014', '0000-00-00 00:00:00', 0, '0000-00-00 00:00:00', 0, '0000-00-00 00:00:00', 0),
(155, 0, 2, '', 100, 1, 'Hari', 4, '198401262009111001', 'yanuar2014', '0000-00-00 00:00:00', 0, '0000-00-00 00:00:00', 0, '0000-00-00 00:00:00', 0);

-- --------------------------------------------------------

--
-- Table structure for table `user`
--

CREATE TABLE IF NOT EXISTS `user` (
  `id` int(11) NOT NULL AUTO_INCREMENT,
  `username` varchar(20) NOT NULL,
  `password` varchar(50) NOT NULL,
  `saltPassword` varchar(50) NOT NULL,
  `email` varchar(50) NOT NULL,
  `joinDate` timestamp NOT NULL DEFAULT CURRENT_TIMESTAMP ON UPDATE CURRENT_TIMESTAMP,
  `level_id` int(11) NOT NULL,
  `avatar` varchar(30) DEFAULT NULL,
  `created` datetime NOT NULL,
  `createdBy` int(11) NOT NULL,
  `modified` datetime NOT NULL,
  `modifiedBy` int(11) NOT NULL,
  `deleted` datetime NOT NULL,
  `deletedBy` int(11) NOT NULL,
  PRIMARY KEY (`id`),
  UNIQUE KEY `username` (`username`),
  KEY `level_id` (`level_id`)
) ENGINE=InnoDB  DEFAULT CHARSET=latin1 AUTO_INCREMENT=41 ;

--
-- Dumping data for table `user`
--

INSERT INTO `user` (`id`, `username`, `password`, `saltPassword`, `email`, `joinDate`, `level_id`, `avatar`, `created`, `createdBy`, `modified`, `modifiedBy`, `deleted`, `deletedBy`) VALUES
(27, 'yanuar', '4234e3e6133e3060be570092374818d6', '54acd02877df74.10165714', 'yanuarmail@gmail.com', '2015-02-24 08:39:29', 1, 'yanuar.gif', '0000-00-00 00:00:00', 0, '0000-00-00 00:00:00', 0, '0000-00-00 00:00:00', 0),
(29, 'alvaro', 'dd89058c482e73661a50c5f63c9ec5a3', '54ec3a2b514171.84003209', 'alvaro@gmail.com', '2015-11-29 05:59:07', 1, 'alvaro.jpg', '0000-00-00 00:00:00', 0, '0000-00-00 00:00:00', 0, '0000-00-00 00:00:00', 0),
(33, '198401262009111001', '5b91c68f8138cc5b592acd3077c587cb', '54eebd8191cf62.25892834', 'yanuarmail@gmail.com', '2015-02-26 06:30:25', 3, '198401262009111001.gif', '0000-00-00 00:00:00', 0, '0000-00-00 00:00:00', 0, '0000-00-00 00:00:00', 0),
(36, '197205052001121003', 'd041fcda0fa5af6aeda7ebe37643df41', '54eed4c9ccde81.79944925', 'supandi@gmail.com', '2015-02-26 08:09:45', 3, '197205052001121003.gif', '0000-00-00 00:00:00', 0, '0000-00-00 00:00:00', 0, '0000-00-00 00:00:00', 0),
(38, 'es', '$2a$13$FTa0O6v6oQeY5zq4YTAPhuaBsYumfwDaky7pcbdgnT9', 'es', 'es', '2015-11-28 13:05:34', 1, '', '2015-11-28 20:05:34', 0, '2015-11-28 20:06:10', 0, '2015-11-28 20:06:10', 0),
(39, 'aku', 'a70e0fea1ba2598a22123b5c74803d72', '565aa8c5bad006.71279750', 'aku@gmail.com', '2015-11-29 07:27:01', 1, NULL, '0000-00-00 00:00:00', 0, '0000-00-00 00:00:00', 0, '0000-00-00 00:00:00', 0),
(40, 'admin', '85f8b1b7556fa9ada7010f35a0f14ba6', '565aa9730eac07.62221167', 'admin@yahoo.co.id', '2015-11-29 07:29:55', 1, NULL, '0000-00-00 00:00:00', 0, '0000-00-00 00:00:00', 0, '0000-00-00 00:00:00', 0);

--
-- Constraints for dumped tables
--

--
-- Constraints for table `user`
--
ALTER TABLE `user`
  ADD CONSTRAINT `user_ibfk_1` FOREIGN KEY (`level_id`) REFERENCES `level` (`id`) ON UPDATE CASCADE;

/*!40101 SET CHARACTER_SET_CLIENT=@OLD_CHARACTER_SET_CLIENT */;
/*!40101 SET CHARACTER_SET_RESULTS=@OLD_CHARACTER_SET_RESULTS */;
/*!40101 SET COLLATION_CONNECTION=@OLD_COLLATION_CONNECTION */;
